Group_x,PlaylistID,segmento,codigo_tratamiento,Global_Code_LINEABASE,Global_Code_PARENTESCO,Global_Code_ASOCIACION,Tratamiento_codigo,Tratamiento_significado_x,parentesco_x,asociacion_x,riesgo_x,ID_leaf_x_y,TIPO,orden_segmento,Conteo
9,Gr9_4277_1,L1,A,1,42,77,A,P-A,P,A,,982126058484277,R,1.0,59.0
9,Gr9_4300_1,L1,A,2,42,78,A,P-A,P,A,,982126058484300,R,,0.0
9,Gr9_5103_1,L1,B,3,43,77,B,P-NOAS,P,NOAS,,982126057845103,R,3.0,35.0
9,Gr9_7919_1,L1,A,4,44,79,A,P-A,P,A,,982091068557919,R,4.0,44.0
5,Gr5_5119_1,L1,D,5,45,80,D,NP-NOAS,NP,NOAS,,982126057845119,R,5.0,44.0
5,Gr5_4301_1,L1,D,6,46,81,D,NP-NOAS,NP,NOAS,,982126058484301,R,6.0,26.0
13,Gr13_8540_1,L1,D,7,47,80,D,NP-NOAS,NP,NOAS,,982126051278540,R,,0.0
13,Gr13_8521_1,L1,B,8,48,81,B,P-NOAS,P,NOAS,,982126051278521,R,,0.0
7,Gr7_5113_1,L1,C,9,49,82,C,NP-A,NP,A,,982126057845113,R,9.0,25.0
7,Gr7_5141_1,L1,C,10,45,83,C,NP-A,NP,A,,982126057845141,R,,0.0
8,Gr8_6186_1,L1,A,11,50,83,A,P-A,P,A,,982126057846186,R,11.0,82.0
8,Gr8_8475_1,L1,A,12,51,84,A,P-A,P,A,,982126051278475,R,12.0,22.0
6,Gr6_6231_1,L1,C,13,42,85,C,NP-A,NP,A,,982126057846231,R,13.0,37.0
1,Gr1_4421_1,L1,A,14,52,82,A,P-A,P,A,,982091068554421,R,14.0,44.0
1,Gr1_4331_1,L1,C,15,53,86,C,NP-A,NP,A,,982126058484331,R,15.0,5.0
10,Gr10_5921_1,L1,C,16,54,87,C,NP-A,NP,A,,982126052945921,R,,0.0
10,Gr10_6430_1,L1,A,17,55,88,A,P-A,P,A,,900200000206430,R,,0.0
10,Gr10_5106_1,L1,C,10,55,88,C,NP-A,NP,A,,982126057845106,R,10.0,56.0
14,Gr14_5099_1,L1,A,14,55,88,A,P-A,P,A,,982126057845099,R,,0.0
14,Gr14_3556_1,L1,C,15,53,86,C,NP-A,NP,A,,982091068543556,R,,0.0
14,Gr14_6154_1,L1,C,18,56,89,C,NP-A,NP,A,,982126057846154,R,18.0,50.0
3,Gr3_9490_1,L1,C,19,57,90,C,NP-A,NP,A,,900200000279490,R,,0.0
3,Gr3_4334_1,L1,B,20,58,91,B,P-NOAS,P,NOAS,,982126058484334,R,20.0,4.0
3,Gr3_4346_1,L1,A,21,56,92,A,P-A,P,A,,982126058484346,R,21.0,2.0
11,Gr11_5125_1,L1,B,22,58,91,B,P-NOAS,P,NOAS,,982126057845125,R,22.0,38.0
4,Gr4_3072_1,L1,A,23,59,93,A,P-A,P,A,,982091068563072,R,23.0,24.0
4,Gr4_6209_1,L1,A,14,60,94,A,P-A,P,A,,982126057846209,R,14.0,69.0
2,Gr2_4287_1,L1,A,1,42,77,A,P-A,P,A,,982126058484287,R,,0.0
2,Gr2_6277_1,L1,A,2,42,78,A,P-A,P,A,,982126057846227,R,2.0,1.0
2,Gr2_5093_1,L1,B,3,43,77,B,P-NOAS,P,NOAS,,982126057845093,R,3.0,49.0
9,Gr9_4277_2,L1,A,2,61,91,A,P-A,P,A,,982126058484277,R,2.0,33.0
9,Gr9_4300_2,L1,D,24,62,95,D,NP-NOAS,NP,NOAS,,982126058484300,R,24.0,1.0
9,Gr9_5103_2,L1,D,24,58,77,D,NP-NOAS,NP,NOAS,,982126057845103,R,,0.0
9,Gr9_7919_2,L1,D,25,63,96,D,NP-NOAS,NP,NOAS,,982091068557919,R,25.0,21.0
5,Gr5_5119_2,L1,C,15,50,97,C,NP-A,NP,A,,982126057845119,R,15.0,34.0
5,Gr5_4301_2,L1,C,26,55,98,C,NP-A,NP,A,,982126058484301,R,26.0,49.0
13,Gr13_8540_2,L1,B,27,64,94,B,P-NOAS,P,NOAS,,982126051278540,R,,0.0
13,Gr13_8521_2,L1,D,7,56,97,D,NP-NOAS,NP,NOAS,,982126051278521,R,,0.0
7,Gr7_5113_2,L1,C,28,65,82,C,NP-A,NP,A,,982126057845113,R,,0.0
7,Gr7_5141_2,L1,C,29,49,99,C,NP-A,NP,A,,982126057845141,R,,0.0
8,Gr8_6186_2,L1,A,30,66,100,A,P-A,P,A,,982126057846186,R,30.0,38.0
8,Gr8_8475_2,L1,C,31,67,101,C,NP-A,NP,A,,982126051278475,R,,0.0
6,Gr6_6231_2,L1,B,32,43,102,B,P-NOAS,P,NOAS,,982126057846231,R,,0.0
1,Gr1_4421_2,L1,C,26,55,103,C,NP-A,NP,A,,982091068554421,R,26.0,4.0
1,Gr1_4331_2,L1,A,33,45,104,A,P-A,P,A,,982126058484331,R,,0.0
10,Gr10_5921_2,L1,C,18,56,99,C,NP-A,NP,A,,982126052945921,R,,0.0
10,Gr10_6430_2,L1,C,28,52,105,C,NP-A,NP,A,,900200000206430,R,,0.0
10,Gr10_5106_2,L1,C,10,52,81,C,NP-A,NP,A,,982126057845106,R,10.0,30.0
14,Gr14_5099_2,L1,C,15,68,106,C,NP-A,NP,A,,982126057845099,R,15.0,18.0
14,Gr14_3556_2,L1,D,34,69,80,D,NP-NOAS,NP,NOAS,,982091068543556,R,34.0,12.0
14,Gr14_6154_2,L1,D,35,70,100,D,NP-NOAS,NP,NOAS,,982126057846154,R,35.0,28.0
3,Gr3_9490_2,L1,D,36,58,107,D,NP-NOAS,NP,NOAS,,900200000279490,R,,0.0
3,Gr3_4334_2,L1,A,37,71,92,A,P-A,P,A,,982126058484334,R,37.0,1.0
3,Gr3_4346_2,L1,A,1,71,77,A,P-A,P,A,,982126058484346,R,,0.0
11,Gr11_5125_2,L1,A,38,48,92,A,P-A,P,A,,982126057845125,R,38.0,9.0
4,Gr4_3072_2,L1,C,39,60,97,C,NP-A,NP,A,,982091068563072,R,39.0,24.0
4,Gr4_6209_2,L1,D,34,72,105,D,NP-NOAS,NP,NOAS,,982126057846209,R,34.0,54.0
2,Gr2_4287_2,L1,D,24,44,79,D,NP-NOAS,NP,NOAS,,982126058484287,R,,0.0
2,Gr2_5093_2,L1,D,25,61,91,D,NP-NOAS,NP,NOAS,,982126057845093,R,25.0,11.0
9,Gr9_4277_1,L2,D,1,42,77,D,NP-NOAS,NP,NOAS,,982126058484277,R,1.0,55.0
9,Gr9_4300_1,L2,B,2,42,78,B,P-NOAS,P,NOAS,,982126058484300,R,,0.0
9,Gr9_5103_1,L2,A,3,43,77,A,P-A,P,A,,982126057845103,R,3.0,67.0
9,Gr9_7919_1,L2,A,4,44,79,A,P-A,P,A,,982091068557919,R,4.0,50.0
5,Gr5_5119_1,L2,C,5,45,80,C,NP-A,NP,A,,982126057845119,R,5.0,34.0
5,Gr5_4301_1,L2,D,6,46,81,D,NP-NOAS,NP,NOAS,,982126058484301,R,6.0,31.0
13,Gr13_8540_1,L2,C,7,47,80,C,NP-A,NP,A,,982126051278540,R,,0.0
13,Gr13_8521_1,L2,D,8,48,81,D,NP-NOAS,NP,NOAS,,982126051278521,R,,0.0
7,Gr7_5113_1,L2,D,9,49,82,D,NP-NOAS,NP,NOAS,,982126057845113,R,9.0,27.0
7,Gr7_5141_1,L2,A,10,45,83,A,P-A,P,A,,982126057845141,R,,0.0
8,Gr8_6186_1,L2,C,11,50,83,C,NP-A,NP,A,,982126057846186,R,11.0,66.0
8,Gr8_8475_1,L2,A,12,51,84,A,P-A,P,A,,982126051278475,R,12.0,32.0
6,Gr6_6231_1,L2,B,13,42,85,B,P-NOAS,P,NOAS,,982126057846231,R,13.0,18.0
1,Gr1_4421_1,L2,D,14,52,82,D,NP-NOAS,NP,NOAS,,982091068554421,R,14.0,35.0
1,Gr1_4331_1,L2,D,15,53,86,D,NP-NOAS,NP,NOAS,,982126058484331,R,15.0,10.0
10,Gr10_5921_1,L2,D,16,54,87,D,NP-NOAS,NP,NOAS,,982126052945921,R,,0.0
10,Gr10_6430_1,L2,D,17,55,88,D,NP-NOAS,NP,NOAS,,900200000206430,R,,0.0
10,Gr10_5106_1,L2,A,10,55,88,A,P-A,P,A,,982126057845106,R,10.0,58.0
14,Gr14_5099_1,L2,D,14,55,88,D,NP-NOAS,NP,NOAS,,982126057845099,R,,0.0
14,Gr14_3556_1,L2,D,15,53,86,D,NP-NOAS,NP,NOAS,,982091068543556,R,,0.0
14,Gr14_6154_1,L2,B,18,56,89,B,P-NOAS,P,NOAS,,982126057846154,R,18.0,46.0
3,Gr3_9490_1,L2,D,19,57,90,D,NP-NOAS,NP,NOAS,,900200000279490,R,,0.0
3,Gr3_4334_1,L2,D,20,58,91,D,NP-NOAS,NP,NOAS,,982126058484334,R,20.0,2.0
3,Gr3_4346_1,L2,D,21,56,92,D,NP-NOAS,NP,NOAS,,982126058484346,R,,0.0
11,Gr11_5125_1,L2,D,22,58,91,D,NP-NOAS,NP,NOAS,,982126057845125,R,22.0,35.0
4,Gr4_3072_1,L2,D,23,59,93,D,NP-NOAS,NP,NOAS,,982091068563072,R,23.0,26.0
4,Gr4_6209_1,L2,D,14,60,94,D,NP-NOAS,NP,NOAS,,982126057846209,R,14.0,43.0
2,Gr2_4287_1,L2,D,1,42,77,D,NP-NOAS,NP,NOAS,,982126058484287,R,,0.0
2,Gr2_6277_1,L2,B,2,42,78,B,P-NOAS,P,NOAS,,982126057846227,R,2.0,1.0
2,Gr2_5093_1,L2,A,3,43,77,A,P-A,P,A,,982126057845093,R,3.0,34.0
9,Gr9_4277_2,L2,B,2,61,91,B,P-NOAS,P,NOAS,,982126058484277,R,2.0,41.0
9,Gr9_4300_2,L2,A,24,62,95,A,P-A,P,A,,982126058484300,R,,0.0
9,Gr9_5103_2,L2,A,24,58,77,A,P-A,P,A,,982126057845103,R,24.0,5.0
9,Gr9_7919_2,L2,A,25,63,96,A,P-A,P,A,,982091068557919,R,25.0,21.0
5,Gr5_5119_2,L2,D,15,50,97,D,NP-NOAS,NP,NOAS,,982126057845119,R,15.0,47.0
5,Gr5_4301_2,L2,D,26,55,98,D,NP-NOAS,NP,NOAS,,982126058484301,R,26.0,45.0
13,Gr13_8540_2,L2,C,27,64,94,C,NP-A,NP,A,,982126051278540,R,,0.0
13,Gr13_8521_2,L2,C,7,56,97,C,NP-A,NP,A,,982126051278521,R,,0.0
7,Gr7_5113_2,L2,D,28,65,82,D,NP-NOAS,NP,NOAS,,982126057845113,R,,0.0
7,Gr7_5141_2,L2,A,29,49,99,A,P-A,P,A,,982126057845141,R,,0.0
8,Gr8_6186_2,L2,D,30,66,100,D,NP-NOAS,NP,NOAS,,982126057846186,R,30.0,39.0
8,Gr8_8475_2,L2,A,31,67,101,A,P-A,P,A,,982126051278475,R,,0.0
6,Gr6_6231_2,L2,C,32,43,102,C,NP-A,NP,A,,982126057846231,R,,0.0
1,Gr1_4421_2,L2,D,26,55,103,D,NP-NOAS,NP,NOAS,,982091068554421,R,26.0,4.0
1,Gr1_4331_2,L2,C,33,45,104,C,NP-A,NP,A,,982126058484331,R,,0.0
10,Gr10_5921_2,L2,B,18,56,99,B,P-NOAS,P,NOAS,,982126052945921,R,,0.0
10,Gr10_6430_2,L2,D,28,52,105,D,NP-NOAS,NP,NOAS,,900200000206430,R,,0.0
10,Gr10_5106_2,L2,A,10,52,81,A,P-A,P,A,,982126057845106,R,10.0,18.0
14,Gr14_5099_2,L2,D,15,68,106,D,NP-NOAS,NP,NOAS,,982126057845099,R,15.0,25.0
14,Gr14_3556_2,L2,A,34,69,80,A,P-A,P,A,,982091068543556,R,34.0,12.0
14,Gr14_6154_2,L2,D,35,70,100,D,NP-NOAS,NP,NOAS,,982126057846154,R,35.0,28.0
3,Gr3_9490_2,L2,B,36,58,107,B,P-NOAS,P,NOAS,,900200000279490,R,,0.0
3,Gr3_4334_2,L2,D,37,71,92,D,NP-NOAS,NP,NOAS,,982126058484334,R,,0.0
3,Gr3_4346_2,L2,D,1,71,77,D,NP-NOAS,NP,NOAS,,982126058484346,R,,0.0
11,Gr11_5125_2,L2,D,38,48,92,D,NP-NOAS,NP,NOAS,,982126057845125,R,38.0,14.0
4,Gr4_3072_2,L2,A,39,60,97,A,P-A,P,A,,982091068563072,R,39.0,36.0
4,Gr4_6209_2,L2,A,34,72,105,A,P-A,P,A,,982126057846209,R,34.0,37.0
2,Gr2_4287_2,L2,A,24,44,79,A,P-A,P,A,,982126058484287,R,,0.0
2,Gr2_5093_2,L2,A,25,61,91,A,P-A,P,A,,982126057845093,R,25.0,8.0
9,Gr9_4277_1,L3,A,1,42,77,A,P-A,P,A,,982126058484277,R,1.0,41.0
9,Gr9_4300_1,L3,D,2,42,78,D,NP-NOAS,NP,NOAS,,982126058484300,R,,0.0
9,Gr9_5103_1,L3,D,3,43,77,D,NP-NOAS,NP,NOAS,,982126057845103,R,3.0,52.0
9,Gr9_7919_1,L3,B,4,44,79,B,P-NOAS,P,NOAS,,982091068557919,R,4.0,16.0
5,Gr5_5119_1,L3,A,5,45,80,A,P-A,P,A,,982126057845119,R,5.0,44.0
5,Gr5_4301_1,L3,A,6,46,81,A,P-A,P,A,,982126058484301,R,6.0,40.0
13,Gr13_8540_1,L3,D,7,47,80,D,NP-NOAS,NP,NOAS,,982126051278540,R,,0.0
13,Gr13_8521_1,L3,D,8,48,81,D,NP-NOAS,NP,NOAS,,982126051278521,R,,0.0
7,Gr7_5113_1,L3,C,9,49,82,C,NP-A,NP,A,,982126057845113,R,9.0,22.0
7,Gr7_5141_1,L3,C,10,45,83,C,NP-A,NP,A,,982126057845141,R,,0.0
8,Gr8_6186_1,L3,D,11,50,83,D,NP-NOAS,NP,NOAS,,982126057846186,R,11.0,62.0
8,Gr8_8475_1,L3,C,12,51,84,C,NP-A,NP,A,,982126051278475,R,12.0,5.0
6,Gr6_6231_1,L3,D,13,42,85,D,NP-NOAS,NP,NOAS,,982126057846231,R,13.0,23.0
1,Gr1_4421_1,L3,C,14,52,82,C,NP-A,NP,A,,982091068554421,R,14.0,15.0
1,Gr1_4331_1,L3,D,15,53,86,D,NP-NOAS,NP,NOAS,,982126058484331,R,15.0,14.0
10,Gr10_5921_1,L3,B,16,54,87,B,P-NOAS,P,NOAS,,982126052945921,R,,0.0
10,Gr10_6430_1,L3,C,17,55,88,C,NP-A,NP,A,,900200000206430,R,,0.0
10,Gr10_5106_1,L3,C,10,55,88,C,NP-A,NP,A,,982126057845106,R,10.0,48.0
14,Gr14_5099_1,L3,C,14,55,88,C,NP-A,NP,A,,982126057845099,R,,0.0
14,Gr14_3556_1,L3,D,15,53,86,D,NP-NOAS,NP,NOAS,,982091068543556,R,,0.0
14,Gr14_6154_1,L3,D,18,56,89,D,NP-NOAS,NP,NOAS,,982126057846154,R,18.0,42.0
3,Gr3_9490_1,L3,B,19,57,90,B,P-NOAS,P,NOAS,,900200000279490,R,,0.0
3,Gr3_4334_1,L3,A,20,58,91,A,P-A,P,A,,982126058484334,R,,0.0
3,Gr3_4346_1,L3,B,21,56,92,B,P-NOAS,P,NOAS,,982126058484346,R,,0.0
11,Gr11_5125_1,L3,A,22,58,91,A,P-A,P,A,,982126057845125,R,22.0,20.0
4,Gr4_3072_1,L3,D,23,59,93,D,NP-NOAS,NP,NOAS,,982091068563072,R,23.0,31.0
4,Gr4_6209_1,L3,C,14,60,94,C,NP-A,NP,A,,982126057846209,R,14.0,43.0
2,Gr2_4287_1,L3,A,1,42,77,A,P-A,P,A,,982126058484287,R,,0.0
2,Gr2_6277_1,L3,D,2,42,78,D,NP-NOAS,NP,NOAS,,982126057846227,R,,0.0
2,Gr2_5093_1,L3,D,3,43,77,D,NP-NOAS,NP,NOAS,,982126057845093,R,3.0,29.0
9,Gr9_4277_2,L3,D,2,61,91,D,NP-NOAS,NP,NOAS,,982126058484277,R,2.0,21.0
9,Gr9_4300_2,L3,A,24,62,95,A,P-A,P,A,,982126058484300,R,,0.0
9,Gr9_5103_2,L3,A,24,58,77,A,P-A,P,A,,982126057845103,R,24.0,11.0
9,Gr9_7919_2,L3,B,25,63,96,B,P-NOAS,P,NOAS,,982091068557919,R,25.0,8.0
5,Gr5_5119_2,L3,D,15,50,97,D,NP-NOAS,NP,NOAS,,982126057845119,R,15.0,27.0
5,Gr5_4301_2,L3,A,26,55,98,A,P-A,P,A,,982126058484301,R,26.0,26.0
13,Gr13_8540_2,L3,D,27,64,94,D,NP-NOAS,NP,NOAS,,982126051278540,R,,0.0
13,Gr13_8521_2,L3,D,7,56,97,D,NP-NOAS,NP,NOAS,,982126051278521,R,,0.0
7,Gr7_5113_2,L3,A,28,65,82,A,P-A,P,A,,982126057845113,R,,0.0
7,Gr7_5141_2,L3,D,29,49,99,D,NP-NOAS,NP,NOAS,,982126057845141,R,,0.0
8,Gr8_6186_2,L3,A,30,66,100,A,P-A,P,A,,982126057846186,R,30.0,42.0
8,Gr8_8475_2,L3,D,31,67,101,D,NP-NOAS,NP,NOAS,,982126051278475,R,,0.0
6,Gr6_6231_2,L3,D,32,43,102,D,NP-NOAS,NP,NOAS,,982126057846231,R,,0.0
1,Gr1_4421_2,L3,A,26,55,103,A,P-A,P,A,,982091068554421,R,26.0,5.0
1,Gr1_4331_2,L3,D,33,45,104,D,NP-NOAS,NP,NOAS,,982126058484331,R,,0.0
10,Gr10_5921_2,L3,D,18,56,99,D,NP-NOAS,NP,NOAS,,982126052945921,R,,0.0
10,Gr10_6430_2,L3,A,28,52,105,A,P-A,P,A,,900200000206430,R,,0.0
10,Gr10_5106_2,L3,C,10,52,81,C,NP-A,NP,A,,982126057845106,R,10.0,21.0
14,Gr14_5099_2,L3,D,15,68,106,D,NP-NOAS,NP,NOAS,,982126057845099,R,15.0,16.0
14,Gr14_3556_2,L3,C,34,69,80,C,NP-A,NP,A,,982091068543556,R,34.0,3.0
14,Gr14_6154_2,L3,C,35,70,100,C,NP-A,NP,A,,982126057846154,R,35.0,19.0
3,Gr3_9490_2,L3,C,36,58,107,C,NP-A,NP,A,,900200000279490,R,,0.0
3,Gr3_4334_2,L3,C,37,71,92,C,NP-A,NP,A,,982126058484334,R,,0.0
3,Gr3_4346_2,L3,A,1,71,77,A,P-A,P,A,,982126058484346,R,,0.0
11,Gr11_5125_2,L3,D,38,48,92,D,NP-NOAS,NP,NOAS,,982126057845125,R,38.0,8.0
4,Gr4_3072_2,L3,D,39,60,97,D,NP-NOAS,NP,NOAS,,982091068563072,R,39.0,28.0
4,Gr4_6209_2,L3,C,34,72,105,C,NP-A,NP,A,,982126057846209,R,34.0,46.0
2,Gr2_4287_2,L3,A,24,44,79,A,P-A,P,A,,982126058484287,R,,0.0
2,Gr2_5093_2,L3,B,25,61,91,B,P-NOAS,P,NOAS,,982126057845093,R,25.0,15.0
9,Gr9_4277_1,L4,B,1,42,77,B,P-NOAS,P,NOAS,,982126058484277,R,1.0,13.0
9,Gr9_4300_1,L4,A,2,42,78,A,P-A,P,A,,982126058484300,R,,0.0
9,Gr9_5103_1,L4,A,3,43,77,A,P-A,P,A,,982126057845103,R,3.0,49.0
9,Gr9_7919_1,L4,D,4,44,79,D,NP-NOAS,NP,NOAS,,982091068557919,R,4.0,30.0
5,Gr5_5119_1,L4,D,5,45,80,D,NP-NOAS,NP,NOAS,,982126057845119,R,5.0,33.0
5,Gr5_4301_1,L4,C,6,46,81,C,NP-A,NP,A,,982126058484301,R,6.0,28.0
13,Gr13_8540_1,L4,B,7,47,80,B,P-NOAS,P,NOAS,,982126051278540,R,,0.0
13,Gr13_8521_1,L4,C,8,48,81,C,NP-A,NP,A,,982126051278521,R,,0.0
7,Gr7_5113_1,L4,A,9,49,82,A,P-A,P,A,,982126057845113,R,9.0,14.0
7,Gr7_5141_1,L4,D,10,45,83,D,NP-NOAS,NP,NOAS,,982126057845141,R,,0.0
8,Gr8_6186_1,L4,A,11,50,83,A,P-A,P,A,,982126057846186,R,11.0,50.0
8,Gr8_8475_1,L4,D,12,51,84,D,NP-NOAS,NP,NOAS,,982126051278475,R,,0.0
6,Gr6_6231_1,L4,C,13,42,85,C,NP-A,NP,A,,982126057846231,R,13.0,1.0
1,Gr1_4421_1,L4,D,14,52,82,D,NP-NOAS,NP,NOAS,,982091068554421,R,14.0,25.0
1,Gr1_4331_1,L4,A,15,53,86,A,P-A,P,A,,982126058484331,R,15.0,7.0
10,Gr10_5921_1,L4,D,16,54,87,D,NP-NOAS,NP,NOAS,,982126052945921,R,,0.0
10,Gr10_6430_1,L4,C,17,55,88,C,NP-A,NP,A,,900200000206430,R,,0.0
10,Gr10_5106_1,L4,D,10,55,88,D,NP-NOAS,NP,NOAS,,982126057845106,R,10.0,31.0
14,Gr14_5099_1,L4,D,14,55,88,D,NP-NOAS,NP,NOAS,,982126057845099,R,,0.0
14,Gr14_3556_1,L4,A,15,53,86,A,P-A,P,A,,982091068543556,R,,0.0
14,Gr14_6154_1,L4,D,18,56,89,D,NP-NOAS,NP,NOAS,,982126057846154,R,18.0,22.0
3,Gr3_9490_1,L4,A,19,57,90,A,P-A,P,A,,900200000279490,R,,0.0
3,Gr3_4334_1,L4,C,20,58,91,C,NP-A,NP,A,,982126058484334,R,20.0,2.0
3,Gr3_4346_1,L4,A,21,56,92,A,P-A,P,A,,982126058484346,R,,0.0
11,Gr11_5125_1,L4,D,22,58,91,D,NP-NOAS,NP,NOAS,,982126057845125,R,22.0,19.0
4,Gr4_3072_1,L4,C,23,59,93,C,NP-A,NP,A,,982091068563072,R,23.0,24.0
4,Gr4_6209_1,L4,D,14,60,94,D,NP-NOAS,NP,NOAS,,982126057846209,R,14.0,48.0
2,Gr2_4287_1,L4,B,1,42,77,B,P-NOAS,P,NOAS,,982126058484287,R,,0.0
2,Gr2_6277_1,L4,A,2,42,78,A,P-A,P,A,,982126057846227,R,,0.0
2,Gr2_5093_1,L4,A,3,43,77,A,P-A,P,A,,982126057845093,R,3.0,26.0
9,Gr9_4277_2,L4,A,2,61,91,A,P-A,P,A,,982126058484277,R,2.0,17.0
9,Gr9_4300_2,L4,B,24,62,95,B,P-NOAS,P,NOAS,,982126058484300,R,,0.0
9,Gr9_5103_2,L4,B,24,58,77,B,P-NOAS,P,NOAS,,982126057845103,R,,0.0
9,Gr9_7919_2,L4,A,25,63,96,A,P-A,P,A,,982091068557919,R,25.0,15.0
5,Gr5_5119_2,L4,A,15,50,97,A,P-A,P,A,,982126057845119,R,15.0,35.0
5,Gr5_4301_2,L4,D,26,55,98,D,NP-NOAS,NP,NOAS,,982126058484301,R,26.0,30.0
13,Gr13_8540_2,L4,D,27,64,94,D,NP-NOAS,NP,NOAS,,982126051278540,R,,0.0
13,Gr13_8521_2,L4,B,7,56,97,B,P-NOAS,P,NOAS,,982126051278521,R,,0.0
7,Gr7_5113_2,L4,C,28,65,82,C,NP-A,NP,A,,982126057845113,R,,0.0
7,Gr7_5141_2,L4,C,29,49,99,C,NP-A,NP,A,,982126057845141,R,,0.0
8,Gr8_6186_2,L4,C,30,66,100,C,NP-A,NP,A,,982126057846186,R,30.0,38.0
8,Gr8_8475_2,L4,A,31,67,101,A,P-A,P,A,,982126051278475,R,,0.0
6,Gr6_6231_2,L4,C,32,43,102,C,NP-A,NP,A,,982126057846231,R,,0.0
1,Gr1_4421_2,L4,D,26,55,103,D,NP-NOAS,NP,NOAS,,982091068554421,R,26.0,2.0
1,Gr1_4331_2,L4,D,33,45,104,D,NP-NOAS,NP,NOAS,,982126058484331,R,,0.0
10,Gr10_5921_2,L4,D,18,56,99,D,NP-NOAS,NP,NOAS,,982126052945921,R,,0.0
10,Gr10_6430_2,L4,C,28,52,105,C,NP-A,NP,A,,900200000206430,R,,0.0
10,Gr10_5106_2,L4,D,10,52,81,D,NP-NOAS,NP,NOAS,,982126057845106,R,10.0,26.0
14,Gr14_5099_2,L4,A,15,68,106,A,P-A,P,A,,982126057845099,R,15.0,3.0
14,Gr14_3556_2,L4,D,34,69,80,D,NP-NOAS,NP,NOAS,,982091068543556,R,34.0,2.0
14,Gr14_6154_2,L4,B,35,70,100,B,P-NOAS,P,NOAS,,982126057846154,R,35.0,7.0
3,Gr3_9490_2,L4,A,36,58,107,A,P-A,P,A,,900200000279490,R,,0.0
3,Gr3_4334_2,L4,B,37,71,92,B,P-NOAS,P,NOAS,,982126058484334,R,,0.0
3,Gr3_4346_2,L4,B,1,71,77,B,P-NOAS,P,NOAS,,982126058484346,R,,0.0
11,Gr11_5125_2,L4,B,38,48,92,B,P-NOAS,P,NOAS,,982126057845125,R,38.0,3.0
4,Gr4_3072_2,L4,D,39,60,97,D,NP-NOAS,NP,NOAS,,982091068563072,R,39.0,26.0
4,Gr4_6209_2,L4,D,34,72,105,D,NP-NOAS,NP,NOAS,,982126057846209,R,34.0,38.0
2,Gr2_4287_2,L4,B,24,44,79,B,P-NOAS,P,NOAS,,982126058484287,R,,0.0
2,Gr2_5093_2,L4,A,25,61,91,A,P-A,P,A,,982126057845093,R,25.0,9.0
9,Gr9_4277_1,P1,G2,1,42,77,G2,P-NOAS_I,P,NOAS,I,982126058484277,R,42.0,11.0
9,Gr9_4300_1,P1,G2,2,42,78,G2,P-NOAS_I,P,NOAS,I,982126058484300,R,,0.0
9,Gr9_5103_1,P1,H2,3,43,77,H2,NP-NOAS_I,NP,NOAS,I,982126057845103,R,43.0,55.0
9,Gr9_7919_1,P1,F2,4,44,79,F2,NP-NOAS_D,NP,NOAS,D,982091068557919,R,44.0,31.0
5,Gr5_5119_1,P1,E1,5,45,80,E1,P-A_D,P,A,D,982126057845119,R,45.0,32.0
5,Gr5_4301_1,P1,E1,6,46,81,E1,P-A_D,P,A,D,982126058484301,R,46.0,2.0
13,Gr13_8540_1,P1,E2,7,47,80,E2,P-NOAS_D,P,NOAS,D,982126051278540,R,,0.0
13,Gr13_8521_1,P1,E2,8,48,81,E2,P-NOAS_D,P,NOAS,D,982126051278521,R,,0.0
7,Gr7_5113_1,P1,E1,9,49,82,E1,P-A_D,P,A,D,982126057845113,R,49.0,20.0
7,Gr7_5141_1,P1,E1,10,45,83,E1,P-A_D,P,A,D,982126057845141,R,,0.0
8,Gr8_6186_1,P1,H1,11,50,83,H1,NP-A_I,NP,A,I,982126057846186,R,50.0,43.0
8,Gr8_8475_1,P1,G1,12,51,84,G1,P-A_I,P,A,I,982126051278475,R,51.0,1.0
6,Gr6_6231_1,P1,G2,13,42,85,G2,P-NOAS_I,P,NOAS,I,982126057846231,R,42.0,1.0
1,Gr1_4421_1,P1,F1,14,52,82,F1,NP-A_D,NP,A,D,982091068554421,R,52.0,1.0
1,Gr1_4331_1,P1,H1,15,53,86,H1,NP-A_I,NP,A,I,982126058484331,R,,0.0
10,Gr10_5921_1,P1,F2,16,54,87,F2,NP-NOAS_D,NP,NOAS,D,982126052945921,R,,0.0
10,Gr10_6430_1,P1,H1,17,55,88,H1,NP-A_I,NP,A,I,900200000206430,R,,0.0
10,Gr10_5106_1,P1,H1,10,55,88,H1,NP-A_I,NP,A,I,982126057845106,R,55.0,31.0
14,Gr14_5099_1,P1,H1,14,55,88,H1,NP-A_I,NP,A,I,982126057845099,R,,0.0
14,Gr14_3556_1,P1,H1,15,53,86,H1,NP-A_I,NP,A,I,982091068543556,R,,0.0
14,Gr14_6154_1,P1,G2,18,56,89,G2,P-NOAS_I,P,NOAS,I,982126057846154,R,56.0,20.0
3,Gr3_9490_1,P1,F2,19,57,90,F2,NP-NOAS_D,NP,NOAS,D,900200000279490,R,,0.0
3,Gr3_4334_1,P1,G2,20,58,91,G2,P-NOAS_I,P,NOAS,I,982126058484334,R,58.0,2.0
3,Gr3_4346_1,P1,G2,21,56,92,G2,P-NOAS_I,P,NOAS,I,982126058484346,R,,0.0
11,Gr11_5125_1,P1,G2,22,58,91,G2,P-NOAS_I,P,NOAS,I,982126057845125,R,58.0,22.0
4,Gr4_3072_1,P1,G1,23,59,93,G1,P-A_I,P,A,I,982091068563072,R,59.0,4.0
4,Gr4_6209_1,P1,F1,14,60,94,F1,NP-A_D,NP,A,D,982126057846209,R,,0.0
2,Gr2_4287_1,P1,G2,1,42,77,G2,P-NOAS_I,P,NOAS,I,982126058484287,R,,0.0
2,Gr2_6277_1,P1,G2,2,42,78,G2,P-NOAS_I,P,NOAS,I,982126057846227,R,,0.0
2,Gr2_5093_1,P1,H2,3,43,77,H2,NP-NOAS_I,NP,NOAS,I,982126057845093,R,43.0,11.0
9,Gr9_4277_2,P1,F2,2,61,91,F2,NP-NOAS_D,NP,NOAS,D,982126058484277,R,61.0,5.0
9,Gr9_4300_2,P1,H2,24,62,95,H2,NP-NOAS_I,NP,NOAS,I,982126058484300,R,,0.0
9,Gr9_5103_2,P1,G2,24,58,77,G2,P-NOAS_I,P,NOAS,I,982126057845103,R,,0.0
9,Gr9_7919_2,P1,H2,25,63,96,H2,NP-NOAS_I,NP,NOAS,I,982091068557919,R,63.0,14.0
5,Gr5_5119_2,P1,H1,15,50,97,H1,NP-A_I,NP,A,I,982126057845119,R,50.0,14.0
5,Gr5_4301_2,P1,H1,26,55,98,H1,NP-A_I,NP,A,I,982126058484301,R,55.0,17.0
13,Gr13_8540_2,P1,E2,27,64,94,E2,P-NOAS_D,P,NOAS,D,982126051278540,R,,0.0
13,Gr13_8521_2,P1,G2,7,56,97,G2,P-NOAS_I,P,NOAS,I,982126051278521,R,,0.0
7,Gr7_5113_2,P1,G1,28,65,82,G1,P-A_I,P,A,I,982126057845113,R,,0.0
7,Gr7_5141_2,P1,E1,29,49,99,E1,P-A_D,P,A,D,982126057845141,R,,0.0
8,Gr8_6186_2,P1,G1,30,66,100,G1,P-A_I,P,A,I,982126057846186,R,66.0,23.0
8,Gr8_8475_2,P1,F1,31,67,101,F1,NP-A_D,NP,A,D,982126051278475,R,,0.0
6,Gr6_6231_2,P1,H2,32,43,102,H2,NP-NOAS_I,NP,NOAS,I,982126057846231,R,,0.0
1,Gr1_4421_2,P1,H1,26,55,103,H1,NP-A_I,NP,A,I,982091068554421,R,,0.0
1,Gr1_4331_2,P1,E1,33,45,104,E1,P-A_D,P,A,D,982126058484331,R,,0.0
10,Gr10_5921_2,P1,G2,18,56,99,G2,P-NOAS_I,P,NOAS,I,982126052945921,R,,0.0
10,Gr10_6430_2,P1,F1,28,52,105,F1,NP-A_D,NP,A,D,900200000206430,R,,0.0
10,Gr10_5106_2,P1,F1,10,52,81,F1,NP-A_D,NP,A,D,982126057845106,R,,0.0
14,Gr14_5099_2,P1,E1,15,68,106,E1,P-A_D,P,A,D,982126057845099,R,68.0,1.0
14,Gr14_3556_2,P1,E1,34,69,80,E1,P-A_D,P,A,D,982091068543556,R,69.0,3.0
14,Gr14_6154_2,P1,E2,35,70,100,E2,P-NOAS_D,P,NOAS,D,982126057846154,R,70.0,1.0
3,Gr3_9490_2,P1,G2,36,58,107,G2,P-NOAS_I,P,NOAS,I,900200000279490,R,,0.0
3,Gr3_4334_2,P1,F2,37,71,92,F2,NP-NOAS_D,NP,NOAS,D,982126058484334,R,,0.0
3,Gr3_4346_2,P1,F2,1,71,77,F2,NP-NOAS_D,NP,NOAS,D,982126058484346,R,,0.0
11,Gr11_5125_2,P1,E2,38,48,92,E2,P-NOAS_D,P,NOAS,D,982126057845125,R,,0.0
4,Gr4_3072_2,P1,F1,39,60,97,F1,NP-A_D,NP,A,D,982091068563072,R,60.0,6.0
4,Gr4_6209_2,P1,H1,34,72,105,H1,NP-A_I,NP,A,I,982126057846209,R,72.0,32.0
2,Gr2_4287_2,P1,F2,24,44,79,F2,NP-NOAS_D,NP,NOAS,D,982126058484287,R,,0.0
2,Gr2_5093_2,P1,F2,25,61,91,F2,NP-NOAS_D,NP,NOAS,D,982126057845093,R,,0.0
9,Gr9_4277_3,P1,E2,40,47,96,E2,P-NOAS_D,P,NOAS,D,982126058484277,R,,0.0
9,Gr9_4300_3,P1,E2,40,73,108,E2,P-NOAS_D,P,NOAS,D,982126058484300,R,,0.0
9,Gr9_5103_3,P1,G2,40,74,102,G2,P-NOAS_I,P,NOAS,I,982126057845103,R,,0.0
9,Gr9_7919_3,P1,E2,40,47,103,E2,P-NOAS_D,P,NOAS,D,982091068557919,R,47.0,1.0
5,Gr5_5119_3,P1,F1,40,75,106,F1,NP-A_D,NP,A,D,982126057845119,R,,0.0
5,Gr5_4301_3,P1,E1,40,45,84,E1,P-A_D,P,A,D,982126058484301,R,45.0,1.0
7,Gr7_5113_3,P1,H1,40,72,104,H1,NP-A_I,NP,A,I,982126057845113,R,,0.0
8,Gr8_6186_3,P1,F1,40,75,86,F1,NP-A_D,NP,A,D,982126057846186,R,75.0,7.0
6,Gr6_6231_3,P1,E2,40,64,87,E2,P-NOAS_D,P,NOAS,D,982126057846231,R,,0.0
1,Gr1_4421_3,P1,G1,40,76,106,G1,P-A_I,P,A,I,982091068554421,R,,0.0
1,Gr1_4331_3,P1,G1,40,66,83,G1,P-A_I,P,A,I,982126058484331,R,,0.0
10,Gr10_5106_3,P1,E1,40,68,86,E1,P-A_D,P,A,D,982126057845106,R,,0.0
14,Gr14_5099_3,P1,G1,40,51,81,G1,P-A_I,P,A,I,982126057845099,R,,0.0
14,Gr14_3556_3,P1,F1,40,75,100,F1,NP-A_D,NP,A,D,982091068543556,R,,0.0
14,Gr14_6154_3,P1,F2,40,57,80,F2,NP-NOAS_D,NP,NOAS,D,982126057846154,R,,0.0
3,Gr3_9490_3,P1,H2,40,62,109,H2,NP-NOAS_I,NP,NOAS,I,900200000279490,R,,0.0
3,Gr3_4334_3,P1,H2,40,43,108,H2,NP-NOAS_I,NP,NOAS,I,982126058484334,R,,0.0
3,Gr3_4346_3,P1,E2,40,73,79,E2,P-NOAS_D,P,NOAS,D,982126058484346,R,,0.0
11,Gr11_5125_3,P1,F2,40,54,108,F2,NP-NOAS_D,NP,NOAS,D,982126057845125,R,,0.0
4,Gr4_3072_3,P1,H1,40,53,83,H1,NP-A_I,NP,A,I,982091068563072,R,53.0,5.0
4,Gr4_6209_3,P1,E1,40,68,82,E1,P-A_D,P,A,D,982126057846209,R,68.0,14.0
9,Gr9_4277_1,P2,H2,1,42,77,H2,NP-NOAS_I,NP,NOAS,I,982126058484277,R,42.0,40.0
9,Gr9_4300_1,P2,H2,2,42,78,H2,NP-NOAS_I,NP,NOAS,I,982126058484300,R,,0.0
9,Gr9_5103_1,P2,E2,3,43,77,E2,P-NOAS_D,P,NOAS,D,982126057845103,R,43.0,11.0
9,Gr9_7919_1,P2,H2,4,44,79,H2,NP-NOAS_I,NP,NOAS,I,982091068557919,R,44.0,42.0
5,Gr5_5119_1,P2,F1,5,45,80,F1,NP-A_D,NP,A,D,982126057845119,R,,0.0
5,Gr5_4301_1,P2,H1,6,46,81,H1,NP-A_I,NP,A,I,982126058484301,R,46.0,10.0
13,Gr13_8540_1,P2,F2,7,47,80,F2,NP-NOAS_D,NP,NOAS,D,982126051278540,R,,0.0
13,Gr13_8521_1,P2,H2,8,48,81,H2,NP-NOAS_I,NP,NOAS,I,982126051278521,R,,0.0
7,Gr7_5113_1,P2,F1,9,49,82,F1,NP-A_D,NP,A,D,982126057845113,R,49.0,16.0
7,Gr7_5141_1,P2,F1,10,45,83,F1,NP-A_D,NP,A,D,982126057845141,R,,0.0
8,Gr8_6186_1,P2,E1,11,50,83,E1,P-A_D,P,A,D,982126057846186,R,50.0,30.0
8,Gr8_8475_1,P2,F1,12,51,84,F1,NP-A_D,NP,A,D,982126051278475,R,,0.0
6,Gr6_6231_1,P2,H2,13,42,85,H2,NP-NOAS_I,NP,NOAS,I,982126057846231,R,42.0,3.0
1,Gr1_4421_1,P2,H1,14,52,82,H1,NP-A_I,NP,A,I,982091068554421,R,52.0,5.0
1,Gr1_4331_1,P2,G1,15,53,86,G1,P-A_I,P,A,I,982126058484331,R,,0.0
10,Gr10_5921_1,P2,G2,16,54,87,G2,P-NOAS_I,P,NOAS,I,982126052945921,R,,0.0
10,Gr10_6430_1,P2,F1,17,55,88,F1,NP-A_D,NP,A,D,900200000206430,R,,0.0
10,Gr10_5106_1,P2,F1,10,55,88,F1,NP-A_D,NP,A,D,982126057845106,R,55.0,33.0
14,Gr14_5099_1,P2,F1,14,55,88,F1,NP-A_D,NP,A,D,982126057845099,R,,0.0
14,Gr14_3556_1,P2,G1,15,53,86,G1,P-A_I,P,A,I,982091068543556,R,,0.0
14,Gr14_6154_1,P2,H2,18,56,89,H2,NP-NOAS_I,NP,NOAS,I,982126057846154,R,56.0,23.0
3,Gr3_9490_1,P2,H2,19,57,90,H2,NP-NOAS_I,NP,NOAS,I,900200000279490,R,,0.0
3,Gr3_4334_1,P2,F2,20,58,91,F2,NP-NOAS_D,NP,NOAS,D,982126058484334,R,58.0,3.0
3,Gr3_4346_1,P2,H2,21,56,92,H2,NP-NOAS_I,NP,NOAS,I,982126058484346,R,,0.0
11,Gr11_5125_1,P2,F2,22,58,91,F2,NP-NOAS_D,NP,NOAS,D,982126057845125,R,58.0,12.0
4,Gr4_3072_1,P2,H1,23,59,93,H1,NP-A_I,NP,A,I,982091068563072,R,59.0,8.0
4,Gr4_6209_1,P2,E1,14,60,94,E1,P-A_D,P,A,D,982126057846209,R,60.0,11.0
2,Gr2_4287_1,P2,H2,1,42,77,H2,NP-NOAS_I,NP,NOAS,I,982126058484287,R,,0.0
2,Gr2_6277_1,P2,H2,2,42,78,H2,NP-NOAS_I,NP,NOAS,I,982126057846227,R,42.0,2.0
2,Gr2_5093_1,P2,E2,3,43,77,E2,P-NOAS_D,P,NOAS,D,982126057845093,R,43.0,12.0
9,Gr9_4277_2,P2,E2,2,61,91,E2,P-NOAS_D,P,NOAS,D,982126058484277,R,,0.0
9,Gr9_4300_2,P2,G2,24,62,95,G2,P-NOAS_I,P,NOAS,I,982126058484300,R,,0.0
9,Gr9_5103_2,P2,F2,24,58,77,F2,NP-NOAS_D,NP,NOAS,D,982126057845103,R,,0.0
9,Gr9_7919_2,P2,E2,25,63,96,E2,P-NOAS_D,P,NOAS,D,982091068557919,R,63.0,10.0
5,Gr5_5119_2,P2,E1,15,50,97,E1,P-A_D,P,A,D,982126057845119,R,50.0,2.0
5,Gr5_4301_2,P2,F1,26,55,98,F1,NP-A_D,NP,A,D,982126058484301,R,55.0,8.0
13,Gr13_8540_2,P2,G2,27,64,94,G2,P-NOAS_I,P,NOAS,I,982126051278540,R,,0.0
13,Gr13_8521_2,P2,H2,7,56,97,H2,NP-NOAS_I,NP,NOAS,I,982126051278521,R,,0.0
7,Gr7_5113_2,P2,H1,28,65,82,H1,NP-A_I,NP,A,I,982126057845113,R,,0.0
7,Gr7_5141_2,P2,F1,29,49,99,F1,NP-A_D,NP,A,D,982126057845141,R,,0.0
8,Gr8_6186_2,P2,F1,30,66,100,F1,NP-A_D,NP,A,D,982126057846186,R,66.0,21.0
8,Gr8_8475_2,P2,G1,31,67,101,G1,P-A_I,P,A,I,982126051278475,R,,0.0
6,Gr6_6231_2,P2,E2,32,43,102,E2,P-NOAS_D,P,NOAS,D,982126057846231,R,,0.0
1,Gr1_4421_2,P2,F1,26,55,103,F1,NP-A_D,NP,A,D,982091068554421,R,,0.0
1,Gr1_4331_2,P2,F1,33,45,104,F1,NP-A_D,NP,A,D,982126058484331,R,,0.0
10,Gr10_5921_2,P2,H2,18,56,99,H2,NP-NOAS_I,NP,NOAS,I,982126052945921,R,,0.0
10,Gr10_6430_2,P2,H1,28,52,105,H1,NP-A_I,NP,A,I,900200000206430,R,,0.0
10,Gr10_5106_2,P2,H1,10,52,81,H1,NP-A_I,NP,A,I,982126057845106,R,,0.0
14,Gr14_5099_2,P2,G1,15,68,106,G1,P-A_I,P,A,I,982126057845099,R,,0.0
14,Gr14_3556_2,P2,G1,34,69,80,G1,P-A_I,P,A,I,982091068543556,R,69.0,1.0
14,Gr14_6154_2,P2,G2,35,70,100,G2,P-NOAS_I,P,NOAS,I,982126057846154,R,,0.0
3,Gr3_9490_2,P2,F2,36,58,107,F2,NP-NOAS_D,NP,NOAS,D,900200000279490,R,,0.0
3,Gr3_4334_2,P2,G2,37,71,92,G2,P-NOAS_I,P,NOAS,I,982126058484334,R,,0.0
3,Gr3_4346_2,P2,G2,1,71,77,G2,P-NOAS_I,P,NOAS,I,982126058484346,R,,0.0
11,Gr11_5125_2,P2,H2,38,48,92,H2,NP-NOAS_I,NP,NOAS,I,982126057845125,R,48.0,2.0
4,Gr4_3072_2,P2,E1,39,60,97,E1,P-A_D,P,A,D,982091068563072,R,60.0,3.0
4,Gr4_6209_2,P2,G1,34,72,105,G1,P-A_I,P,A,I,982126057846209,R,72.0,17.0
2,Gr2_4287_2,P2,H2,24,44,79,H2,NP-NOAS_I,NP,NOAS,I,982126058484287,R,,0.0
2,Gr2_5093_2,P2,E2,25,61,91,E2,P-NOAS_D,P,NOAS,D,982126057845093,R,,0.0
9,Gr9_4277_3,P2,F2,40,47,96,F2,NP-NOAS_D,NP,NOAS,D,982126058484277,R,,0.0
9,Gr9_4300_3,P2,F2,40,73,108,F2,NP-NOAS_D,NP,NOAS,D,982126058484300,R,,0.0
9,Gr9_5103_3,P2,E2,40,74,102,E2,P-NOAS_D,P,NOAS,D,982126057845103,R,,0.0
9,Gr9_7919_3,P2,F2,40,47,103,F2,NP-NOAS_D,NP,NOAS,D,982091068557919,R,47.0,4.0
5,Gr5_5119_3,P2,H1,40,75,106,H1,NP-A_I,NP,A,I,982126057845119,R,,0.0
5,Gr5_4301_3,P2,F1,40,45,84,F1,NP-A_D,NP,A,D,982126058484301,R,45.0,3.0
7,Gr7_5113_3,P2,G1,40,72,104,G1,P-A_I,P,A,I,982126057845113,R,,0.0
8,Gr8_6186_3,P2,H1,40,75,86,H1,NP-A_I,NP,A,I,982126057846186,R,75.0,16.0
6,Gr6_6231_3,P2,G2,40,64,87,G2,P-NOAS_I,P,NOAS,I,982126057846231,R,,0.0
1,Gr1_4421_3,P2,E1,40,76,106,E1,P-A_D,P,A,D,982091068554421,R,,0.0
1,Gr1_4331_3,P2,F1,40,66,83,F1,NP-A_D,NP,A,D,982126058484331,R,,0.0
10,Gr10_5106_3,P2,G1,40,68,86,G1,P-A_I,P,A,I,982126057845106,R,,0.0
14,Gr14_5099_3,P2,F1,40,51,81,F1,NP-A_D,NP,A,D,982126057845099,R,,0.0
14,Gr14_3556_3,P2,H1,40,75,100,H1,NP-A_I,NP,A,I,982091068543556,R,,0.0
14,Gr14_6154_3,P2,H2,40,57,80,H2,NP-NOAS_I,NP,NOAS,I,982126057846154,R,57.0,7.0
3,Gr3_9490_3,P2,G2,40,62,109,G2,P-NOAS_I,P,NOAS,I,900200000279490,R,,0.0
3,Gr3_4334_3,P2,E2,40,43,108,E2,P-NOAS_D,P,NOAS,D,982126058484334,R,,0.0
3,Gr3_4346_3,P2,F2,40,73,79,F2,NP-NOAS_D,NP,NOAS,D,982126058484346,R,,0.0
11,Gr11_5125_3,P2,G2,40,54,108,G2,P-NOAS_I,P,NOAS,I,982126057845125,R,,0.0
4,Gr4_3072_3,P2,G1,40,53,83,G1,P-A_I,P,A,I,982091068563072,R,53.0,6.0
4,Gr4_6209_3,P2,G1,40,68,82,G1,P-A_I,P,A,I,982126057846209,R,68.0,16.0
9,Gr9_4277_1,P3,F2,1,42,77,F2,NP-NOAS_D,NP,NOAS,D,982126058484277,R,42.0,40.0
9,Gr9_4300_1,P3,F2,2,42,78,F2,NP-NOAS_D,NP,NOAS,D,982126058484300,R,,0.0
9,Gr9_5103_1,P3,G2,3,43,77,G2,P-NOAS_I,P,NOAS,I,982126057845103,R,43.0,19.0
9,Gr9_7919_1,P3,E2,4,44,79,E2,P-NOAS_D,P,NOAS,D,982091068557919,R,44.0,1.0
5,Gr5_5119_1,P3,G1,5,45,80,G1,P-A_I,P,A,I,982126057845119,R,45.0,19.0
5,Gr5_4301_1,P3,G1,6,46,81,G1,P-A_I,P,A,I,982126058484301,R,46.0,16.0
13,Gr13_8540_1,P3,G2,7,47,80,G2,P-NOAS_I,P,NOAS,I,982126051278540,R,,0.0
13,Gr13_8521_1,P3,G2,8,48,81,G2,P-NOAS_I,P,NOAS,I,982126051278521,R,,0.0
7,Gr7_5113_1,P3,H1,9,49,82,H1,NP-A_I,NP,A,I,982126057845113,R,49.0,23.0
7,Gr7_5141_1,P3,G1,10,45,83,G1,P-A_I,P,A,I,982126057845141,R,,0.0
8,Gr8_6186_1,P3,G1,11,50,83,G1,P-A_I,P,A,I,982126057846186,R,50.0,34.0
8,Gr8_8475_1,P3,H1,12,51,84,H1,NP-A_I,NP,A,I,982126051278475,R,,0.0
6,Gr6_6231_1,P3,F2,13,42,85,F2,NP-NOAS_D,NP,NOAS,D,982126057846231,R,,0.0
1,Gr1_4421_1,P3,G1,14,52,82,G1,P-A_I,P,A,I,982091068554421,R,52.0,14.0
1,Gr1_4331_1,P3,F1,15,53,86,F1,NP-A_D,NP,A,D,982126058484331,R,,0.0
10,Gr10_5921_1,P3,H2,16,54,87,H2,NP-NOAS_I,NP,NOAS,I,982126052945921,R,,0.0
10,Gr10_6430_1,P3,E1,17,55,88,E1,P-A_D,P,A,D,900200000206430,R,,0.0
10,Gr10_5106_1,P3,E1,10,55,88,E1,P-A_D,P,A,D,982126057845106,R,55.0,62.0
14,Gr14_5099_1,P3,E1,14,55,88,E1,P-A_D,P,A,D,982126057845099,R,,0.0
14,Gr14_3556_1,P3,F1,15,53,86,F1,NP-A_D,NP,A,D,982091068543556,R,,0.0
14,Gr14_6154_1,P3,E2,18,56,89,E2,P-NOAS_D,P,NOAS,D,982126057846154,R,56.0,4.0
3,Gr3_9490_1,P3,G2,19,57,90,G2,P-NOAS_I,P,NOAS,I,900200000279490,R,,0.0
3,Gr3_4334_1,P3,H2,20,58,91,H2,NP-NOAS_I,NP,NOAS,I,982126058484334,R,58.0,6.0
3,Gr3_4346_1,P3,E2,21,56,92,E2,P-NOAS_D,P,NOAS,D,982126058484346,R,,0.0
11,Gr11_5125_1,P3,H2,22,58,91,H2,NP-NOAS_I,NP,NOAS,I,982126057845125,R,58.0,19.0
4,Gr4_3072_1,P3,E1,23,59,93,E1,P-A_D,P,A,D,982091068563072,R,,0.0
4,Gr4_6209_1,P3,G1,14,60,94,G1,P-A_I,P,A,I,982126057846209,R,60.0,21.0
2,Gr2_4287_1,P3,F2,1,42,77,F2,NP-NOAS_D,NP,NOAS,D,982126058484287,R,,0.0
2,Gr2_6277_1,P3,F2,2,42,78,F2,NP-NOAS_D,NP,NOAS,D,982126057846227,R,,0.0
2,Gr2_5093_1,P3,G2,3,43,77,G2,P-NOAS_I,P,NOAS,I,982126057845093,R,43.0,21.0
9,Gr9_4277_2,P3,G2,2,61,91,G2,P-NOAS_I,P,NOAS,I,982126058484277,R,61.0,1.0
9,Gr9_4300_2,P3,F2,24,62,95,F2,NP-NOAS_D,NP,NOAS,D,982126058484300,R,,0.0
9,Gr9_5103_2,P3,H2,24,58,77,H2,NP-NOAS_I,NP,NOAS,I,982126057845103,R,58.0,4.0
9,Gr9_7919_2,P3,F2,25,63,96,F2,NP-NOAS_D,NP,NOAS,D,982091068557919,R,63.0,6.0
5,Gr5_5119_2,P3,G1,15,50,97,G1,P-A_I,P,A,I,982126057845119,R,50.0,26.0
5,Gr5_4301_2,P3,E1,26,55,98,E1,P-A_D,P,A,D,982126058484301,R,55.0,8.0
13,Gr13_8540_2,P3,F2,27,64,94,F2,NP-NOAS_D,NP,NOAS,D,982126051278540,R,,0.0
13,Gr13_8521_2,P3,E2,7,56,97,E2,P-NOAS_D,P,NOAS,D,982126051278521,R,,0.0
7,Gr7_5113_2,P3,F1,28,65,82,F1,NP-A_D,NP,A,D,982126057845113,R,,0.0
7,Gr7_5141_2,P3,H1,29,49,99,H1,NP-A_I,NP,A,I,982126057845141,R,,0.0
8,Gr8_6186_2,P3,E1,30,66,100,E1,P-A_D,P,A,D,982126057846186,R,66.0,18.0
8,Gr8_8475_2,P3,H1,31,67,101,H1,NP-A_I,NP,A,I,982126051278475,R,,0.0
6,Gr6_6231_2,P3,G2,32,43,102,G2,P-NOAS_I,P,NOAS,I,982126057846231,R,,0.0
1,Gr1_4421_2,P3,E1,26,55,103,E1,P-A_D,P,A,D,982091068554421,R,,0.0
1,Gr1_4331_2,P3,G1,33,45,104,G1,P-A_I,P,A,I,982126058484331,R,,0.0
10,Gr10_5921_2,P3,E2,18,56,99,E2,P-NOAS_D,P,NOAS,D,982126052945921,R,,0.0
10,Gr10_6430_2,P3,G1,28,52,105,G1,P-A_I,P,A,I,900200000206430,R,,0.0
10,Gr10_5106_2,P3,G1,10,52,81,G1,P-A_I,P,A,I,982126057845106,R,52.0,1.0
14,Gr14_5099_2,P3,H1,15,68,106,H1,NP-A_I,NP,A,I,982126057845099,R,,0.0
14,Gr14_3556_2,P3,F1,34,69,80,F1,NP-A_D,NP,A,D,982091068543556,R,69.0,1.0
14,Gr14_6154_2,P3,H2,35,70,100,H2,NP-NOAS_I,NP,NOAS,I,982126057846154,R,,0.0
3,Gr3_9490_2,P3,H2,36,58,107,H2,NP-NOAS_I,NP,NOAS,I,900200000279490,R,,0.0
3,Gr3_4334_2,P3,E2,37,71,92,E2,P-NOAS_D,P,NOAS,D,982126058484334,R,,0.0
3,Gr3_4346_2,P3,E2,1,71,77,E2,P-NOAS_D,P,NOAS,D,982126058484346,R,,0.0
11,Gr11_5125_2,P3,G2,38,48,92,G2,P-NOAS_I,P,NOAS,I,982126057845125,R,48.0,2.0
4,Gr4_3072_2,P3,G1,39,60,97,G1,P-A_I,P,A,I,982091068563072,R,60.0,8.0
4,Gr4_6209_2,P3,E1,34,72,105,E1,P-A_D,P,A,D,982126057846209,R,72.0,6.0
2,Gr2_4287_2,P3,E2,24,44,79,E2,P-NOAS_D,P,NOAS,D,982126058484287,R,,0.0
2,Gr2_5093_2,P3,G2,25,61,91,G2,P-NOAS_I,P,NOAS,I,982126057845093,R,,0.0
9,Gr9_4277_3,P3,G2,40,47,96,G2,P-NOAS_I,P,NOAS,I,982126058484277,R,,0.0
9,Gr9_4300_3,P3,H2,40,73,108,H2,NP-NOAS_I,NP,NOAS,I,982126058484300,R,,0.0
9,Gr9_5103_3,P3,H2,40,74,102,H2,NP-NOAS_I,NP,NOAS,I,982126057845103,R,,0.0
9,Gr9_7919_3,P3,G2,40,47,103,G2,P-NOAS_I,P,NOAS,I,982091068557919,R,,0.0
5,Gr5_5119_3,P3,E1,40,75,106,E1,P-A_D,P,A,D,982126057845119,R,,0.0
5,Gr5_4301_3,P3,G1,40,45,84,G1,P-A_I,P,A,I,982126058484301,R,45.0,3.0
7,Gr7_5113_3,P3,E1,40,72,104,E1,P-A_D,P,A,D,982126057845113,R,,0.0
8,Gr8_6186_3,P3,E1,40,75,86,E1,P-A_D,P,A,D,982126057846186,R,75.0,10.0
6,Gr6_6231_3,P3,F2,40,64,87,F2,NP-NOAS_D,NP,NOAS,D,982126057846231,R,,0.0
1,Gr1_4421_3,P3,F1,40,76,106,F1,NP-A_D,NP,A,D,982091068554421,R,,0.0
1,Gr1_4331_3,P3,E1,40,66,83,E1,P-A_D,P,A,D,982126058484331,R,,0.0
10,Gr10_5106_3,P3,H1,40,68,86,H1,NP-A_I,NP,A,I,982126057845106,R,,0.0
14,Gr14_5099_3,P3,H1,40,51,81,H1,NP-A_I,NP,A,I,982126057845099,R,,0.0
14,Gr14_3556_3,P3,E1,40,75,100,E1,P-A_D,P,A,D,982091068543556,R,,0.0
14,Gr14_6154_3,P3,G2,40,57,80,G2,P-NOAS_I,P,NOAS,I,982126057846154,R,57.0,4.0
3,Gr3_9490_3,P3,F2,40,62,109,F2,NP-NOAS_D,NP,NOAS,D,900200000279490,R,,0.0
3,Gr3_4334_3,P3,G2,40,43,108,G2,P-NOAS_I,P,NOAS,I,982126058484334,R,,0.0
3,Gr3_4346_3,P3,H2,40,73,79,H2,NP-NOAS_I,NP,NOAS,I,982126058484346,R,,0.0
11,Gr11_5125_3,P3,H2,40,54,108,H2,NP-NOAS_I,NP,NOAS,I,982126057845125,R,,0.0
4,Gr4_3072_3,P3,F1,40,53,83,F1,NP-A_D,NP,A,D,982091068563072,R,,0.0
4,Gr4_6209_3,P3,H1,40,68,82,H1,NP-A_I,NP,A,I,982126057846209,R,68.0,11.0
9,Gr9_4277_1,P4,E2,1,42,77,E2,P-NOAS_D,P,NOAS,D,982126058484277,R,42.0,12.0
9,Gr9_4300_1,P4,E2,2,42,78,E2,P-NOAS_D,P,NOAS,D,982126058484300,R,,0.0
9,Gr9_5103_1,P4,F2,3,43,77,F2,NP-NOAS_D,NP,NOAS,D,982126057845103,R,43.0,48.0
9,Gr9_7919_1,P4,G2,4,44,79,G2,P-NOAS_I,P,NOAS,I,982091068557919,R,44.0,2.0
5,Gr5_5119_1,P4,H1,5,45,80,H1,NP-A_I,NP,A,I,982126057845119,R,45.0,15.0
5,Gr5_4301_1,P4,F1,6,46,81,F1,NP-A_D,NP,A,D,982126058484301,R,46.0,6.0
13,Gr13_8540_1,P4,H2,7,47,80,H2,NP-NOAS_I,NP,NOAS,I,982126051278540,R,,0.0
13,Gr13_8521_1,P4,F2,8,48,81,F2,NP-NOAS_D,NP,NOAS,D,982126051278521,R,,0.0
7,Gr7_5113_1,P4,G1,9,49,82,G1,P-A_I,P,A,I,982126057845113,R,49.0,16.0
7,Gr7_5141_1,P4,H1,10,45,83,H1,NP-A_I,NP,A,I,982126057845141,R,,0.0
8,Gr8_6186_1,P4,F1,11,50,83,F1,NP-A_D,NP,A,D,982126057846186,R,50.0,19.0
8,Gr8_8475_1,P4,E1,12,51,84,E1,P-A_D,P,A,D,982126051278475,R,,0.0
6,Gr6_6231_1,P4,E2,13,42,85,E2,P-NOAS_D,P,NOAS,D,982126057846231,R,,0.0
1,Gr1_4421_1,P4,E1,14,52,82,E1,P-A_D,P,A,D,982091068554421,R,,0.0
1,Gr1_4331_1,P4,E1,15,53,86,E1,P-A_D,P,A,D,982126058484331,R,,0.0
10,Gr10_5921_1,P4,E2,16,54,87,E2,P-NOAS_D,P,NOAS,D,982126052945921,R,,0.0
10,Gr10_6430_1,P4,G1,17,55,88,G1,P-A_I,P,A,I,900200000206430,R,,0.0
10,Gr10_5106_1,P4,G1,10,55,88,G1,P-A_I,P,A,I,982126057845106,R,55.0,41.0
14,Gr14_5099_1,P4,G1,14,55,88,G1,P-A_I,P,A,I,982126057845099,R,,0.0
14,Gr14_3556_1,P4,E1,15,53,86,E1,P-A_D,P,A,D,982091068543556,R,,0.0
14,Gr14_6154_1,P4,F2,18,56,89,F2,NP-NOAS_D,NP,NOAS,D,982126057846154,R,56.0,17.0
3,Gr3_9490_1,P4,E2,19,57,90,E2,P-NOAS_D,P,NOAS,D,900200000279490,R,,0.0
3,Gr3_4334_1,P4,E2,20,58,91,E2,P-NOAS_D,P,NOAS,D,982126058484334,R,,0.0
3,Gr3_4346_1,P4,F2,21,56,92,F2,NP-NOAS_D,NP,NOAS,D,982126058484346,R,,0.0
11,Gr11_5125_1,P4,E2,22,58,91,E2,P-NOAS_D,P,NOAS,D,982126057845125,R,58.0,8.0
4,Gr4_3072_1,P4,F1,23,59,93,F1,NP-A_D,NP,A,D,982091068563072,R,,0.0
4,Gr4_6209_1,P4,H1,14,60,94,H1,NP-A_I,NP,A,I,982126057846209,R,60.0,31.0
2,Gr2_4287_1,P4,E2,1,42,77,E2,P-NOAS_D,P,NOAS,D,982126058484287,R,,0.0
2,Gr2_6277_1,P4,E2,2,42,78,E2,P-NOAS_D,P,NOAS,D,982126057846227,R,,0.0
2,Gr2_5093_1,P4,F2,3,43,77,F2,NP-NOAS_D,NP,NOAS,D,982126057845093,R,43.0,3.0
9,Gr9_4277_2,P4,H2,2,61,91,H2,NP-NOAS_I,NP,NOAS,I,982126058484277,R,61.0,3.0
9,Gr9_4300_2,P4,E2,24,62,95,E2,P-NOAS_D,P,NOAS,D,982126058484300,R,,0.0
9,Gr9_5103_2,P4,E2,24,58,77,E2,P-NOAS_D,P,NOAS,D,982126057845103,R,,0.0
9,Gr9_7919_2,P4,G2,25,63,96,G2,P-NOAS_I,P,NOAS,I,982091068557919,R,,0.0
5,Gr5_5119_2,P4,F1,15,50,97,F1,NP-A_D,NP,A,D,982126057845119,R,50.0,17.0
5,Gr5_4301_2,P4,G1,26,55,98,G1,P-A_I,P,A,I,982126058484301,R,55.0,10.0
13,Gr13_8540_2,P4,H2,27,64,94,H2,NP-NOAS_I,NP,NOAS,I,982126051278540,R,,0.0
13,Gr13_8521_2,P4,F2,7,56,97,F2,NP-NOAS_D,NP,NOAS,D,982126051278521,R,,0.0
7,Gr7_5113_2,P4,E1,28,65,82,E1,P-A_D,P,A,D,982126057845113,R,,0.0
7,Gr7_5141_2,P4,G1,29,49,99,G1,P-A_I,P,A,I,982126057845141,R,,0.0
8,Gr8_6186_2,P4,H1,30,66,100,H1,NP-A_I,NP,A,I,982126057846186,R,66.0,19.0
8,Gr8_8475_2,P4,E1,31,67,101,E1,P-A_D,P,A,D,982126051278475,R,,0.0
6,Gr6_6231_2,P4,F2,32,43,102,F2,NP-NOAS_D,NP,NOAS,D,982126057846231,R,,0.0
1,Gr1_4421_2,P4,G1,26,55,103,G1,P-A_I,P,A,I,982091068554421,R,,0.0
1,Gr1_4331_2,P4,H1,33,45,104,H1,NP-A_I,NP,A,I,982126058484331,R,,0.0
10,Gr10_5921_2,P4,F2,18,56,99,F2,NP-NOAS_D,NP,NOAS,D,982126052945921,R,,0.0
10,Gr10_6430_2,P4,E1,28,52,105,E1,P-A_D,P,A,D,900200000206430,R,,0.0
10,Gr10_5106_2,P4,E1,10,52,81,E1,P-A_D,P,A,D,982126057845106,R,,0.0
14,Gr14_5099_2,P4,F1,15,68,106,F1,NP-A_D,NP,A,D,982126057845099,R,,0.0
14,Gr14_3556_2,P4,H1,34,69,80,H1,NP-A_I,NP,A,I,982091068543556,R,,0.0
14,Gr14_6154_2,P4,F2,35,70,100,F2,NP-NOAS_D,NP,NOAS,D,982126057846154,R,,0.0
3,Gr3_9490_2,P4,E2,36,58,107,E2,P-NOAS_D,P,NOAS,D,900200000279490,R,,0.0
3,Gr3_4334_2,P4,H2,37,71,92,H2,NP-NOAS_I,NP,NOAS,I,982126058484334,R,,0.0
3,Gr3_4346_2,P4,H2,1,71,77,H2,NP-NOAS_I,NP,NOAS,I,982126058484346,R,,0.0
11,Gr11_5125_2,P4,F2,38,48,92,F2,NP-NOAS_D,NP,NOAS,D,982126057845125,R,,0.0
4,Gr4_3072_2,P4,H1,39,60,97,H1,NP-A_I,NP,A,I,982091068563072,R,60.0,3.0
4,Gr4_6209_2,P4,F1,34,72,105,F1,NP-A_D,NP,A,D,982126057846209,R,72.0,15.0
2,Gr2_4287_2,P4,G2,24,44,79,G2,P-NOAS_I,P,NOAS,I,982126058484287,R,,0.0
2,Gr2_5093_2,P4,H2,25,61,91,H2,NP-NOAS_I,NP,NOAS,I,982126057845093,R,,0.0
9,Gr9_4277_3,P4,H2,40,47,96,H2,NP-NOAS_I,NP,NOAS,I,982126058484277,R,,0.0
9,Gr9_4300_3,P4,G2,40,73,108,G2,P-NOAS_I,P,NOAS,I,982126058484300,R,,0.0
9,Gr9_5103_3,P4,F2,40,74,102,F2,NP-NOAS_D,NP,NOAS,D,982126057845103,R,,0.0
9,Gr9_7919_3,P4,H2,40,47,103,H2,NP-NOAS_I,NP,NOAS,I,982091068557919,R,,0.0
5,Gr5_5119_3,P4,G1,40,75,106,G1,P-A_I,P,A,I,982126057845119,R,,0.0
5,Gr5_4301_3,P4,H1,40,45,84,H1,NP-A_I,NP,A,I,982126058484301,R,45.0,5.0
7,Gr7_5113_3,P4,F1,40,72,104,F1,NP-A_D,NP,A,D,982126057845113,R,,0.0
8,Gr8_6186_3,P4,G1,40,75,86,G1,P-A_I,P,A,I,982126057846186,R,75.0,6.0
6,Gr6_6231_3,P4,H2,40,64,87,H2,NP-NOAS_I,NP,NOAS,I,982126057846231,R,,0.0
1,Gr1_4421_3,P4,H1,40,76,106,H1,NP-A_I,NP,A,I,982091068554421,R,,0.0
1,Gr1_4331_3,P4,H1,40,66,83,H1,NP-A_I,NP,A,I,982126058484331,R,,0.0
10,Gr10_5106_3,P4,F1,40,68,86,F1,NP-A_D,NP,A,D,982126057845106,R,,0.0
14,Gr14_5099_3,P4,E1,40,51,81,E1,P-A_D,P,A,D,982126057845099,R,,0.0
14,Gr14_3556_3,P4,G1,40,75,100,G1,P-A_I,P,A,I,982091068543556,R,,0.0
14,Gr14_6154_3,P4,E2,40,57,80,E2,P-NOAS_D,P,NOAS,D,982126057846154,R,,0.0
3,Gr3_9490_3,P4,E2,40,62,109,E2,P-NOAS_D,P,NOAS,D,900200000279490,R,,0.0
3,Gr3_4334_3,P4,F2,40,43,108,F2,NP-NOAS_D,NP,NOAS,D,982126058484334,R,,0.0
3,Gr3_4346_3,P4,G2,40,73,79,G2,P-NOAS_I,P,NOAS,I,982126058484346,R,,0.0
11,Gr11_5125_3,P4,E2,40,54,108,E2,P-NOAS_D,P,NOAS,D,982126057845125,R,,0.0
4,Gr4_3072_3,P4,E1,40,53,83,E1,P-A_D,P,A,D,982091068563072,R,,0.0
4,Gr4_6209_3,P4,F1,40,68,82,F1,NP-A_D,NP,A,D,982126057846209,R,68.0,9.0
9,Gr9_4277_1,A1,I1,1,42,77,I1,P-A_D,P,A,D,982126058484277,R,77.0,52.0
9,Gr9_4300_1,A1,J1,2,42,78,J1,P-NOAS_D,P,NOAS,D,982126058484300,R,,0.0
9,Gr9_5103_1,A1,I1,3,43,77,I1,P-A_D,P,A,D,982126057845103,R,77.0,56.0
9,Gr9_7919_1,A1,L1,4,44,79,L1,P-NOAS_I,P,NOAS,I,982091068557919,R,79.0,6.0
5,Gr5_5119_1,A1,L2,5,45,80,L2,NP-NOAS_I,NP,NOAS,I,982126057845119,R,80.0,24.0
5,Gr5_4301_1,A1,L2,6,46,81,L2,NP-NOAS_I,NP,NOAS,I,982126058484301,R,81.0,7.0
13,Gr13_8540_1,A1,L2,7,47,80,L2,NP-NOAS_I,NP,NOAS,I,982126051278540,R,,0.0
13,Gr13_8521_1,A1,L2,8,48,81,L2,NP-NOAS_I,NP,NOAS,I,982126051278521,R,,0.0
7,Gr7_5113_1,A1,J2,9,49,82,J2,NP-NOAS_D,NP,NOAS,D,982126057845113,R,82.0,13.0
7,Gr7_5141_1,A1,I2,10,45,83,I2,NP-A_D,NP,A,D,982126057845141,R,,0.0
8,Gr8_6186_1,A1,I2,11,50,83,I2,NP-A_D,NP,A,D,982126057846186,R,83.0,14.0
8,Gr8_8475_1,A1,J2,12,51,84,J2,NP-NOAS_D,NP,NOAS,D,982126051278475,R,,0.0
6,Gr6_6231_1,A1,J2,13,42,85,J2,NP-NOAS_D,NP,NOAS,D,982126057846231,R,,0.0
1,Gr1_4421_1,A1,J2,14,52,82,J2,NP-NOAS_D,NP,NOAS,D,982091068554421,R,82.0,7.0
1,Gr1_4331_1,A1,K2,15,53,86,K2,NP-A_I,NP,A,I,982126058484331,R,,0.0
10,Gr10_5921_1,A1,K2,16,54,87,K2,NP-A_I,NP,A,I,982126052945921,R,,0.0
10,Gr10_6430_1,A1,L2,17,55,88,L2,NP-NOAS_I,NP,NOAS,I,900200000206430,R,,0.0
10,Gr10_5106_1,A1,L2,10,55,88,L2,NP-NOAS_I,NP,NOAS,I,982126057845106,R,88.0,19.0
14,Gr14_5099_1,A1,L2,14,55,88,L2,NP-NOAS_I,NP,NOAS,I,982126057845099,R,,0.0
14,Gr14_3556_1,A1,K2,15,53,86,K2,NP-A_I,NP,A,I,982091068543556,R,,0.0
14,Gr14_6154_1,A1,K2,18,56,89,K2,NP-A_I,NP,A,I,982126057846154,R,89.0,23.0
3,Gr3_9490_1,A1,J1,19,57,90,J1,P-NOAS_D,P,NOAS,D,900200000279490,R,,0.0
3,Gr3_4334_1,A1,K1,20,58,91,K1,P-A_I,P,A,I,982126058484334,R,91.0,3.0
3,Gr3_4346_1,A1,K1,21,56,92,K1,P-A_I,P,A,I,982126058484346,R,,0.0
11,Gr11_5125_1,A1,K1,22,58,91,K1,P-A_I,P,A,I,982126057845125,R,91.0,25.0
4,Gr4_3072_1,A1,K2,23,59,93,K2,NP-A_I,NP,A,I,982091068563072,R,93.0,8.0
4,Gr4_6209_1,A1,I2,14,60,94,I2,NP-A_D,NP,A,D,982126057846209,R,94.0,10.0
2,Gr2_4287_1,A1,I1,1,42,77,I1,P-A_D,P,A,D,982126058484287,R,,0.0
2,Gr2_6277_1,A1,J1,2,42,78,J1,P-NOAS_D,P,NOAS,D,982126057846227,R,,0.0
2,Gr2_5093_1,A1,I1,3,43,77,I1,P-A_D,P,A,D,982126057845093,R,77.0,2.0
9,Gr9_4277_2,A1,K1,2,61,91,K1,P-A_I,P,A,I,982126058484277,R,,0.0
9,Gr9_4300_2,A1,K1,24,62,95,K1,P-A_I,P,A,I,982126058484300,R,,0.0
9,Gr9_5103_2,A1,I1,24,58,77,I1,P-A_D,P,A,D,982126057845103,R,,0.0
9,Gr9_7919_2,A1,L1,25,63,96,L1,P-NOAS_I,P,NOAS,I,982091068557919,R,,0.0
5,Gr5_5119_2,A1,L2,15,50,97,L2,NP-NOAS_I,NP,NOAS,I,982126057845119,R,97.0,22.0
5,Gr5_4301_2,A1,K2,26,55,98,K2,NP-A_I,NP,A,I,982126058484301,R,98.0,15.0
13,Gr13_8540_2,A1,I2,27,64,94,I2,NP-A_D,NP,A,D,982126051278540,R,,0.0
13,Gr13_8521_2,A1,L2,7,56,97,L2,NP-NOAS_I,NP,NOAS,I,982126051278521,R,,0.0
7,Gr7_5113_2,A1,J2,28,65,82,J2,NP-NOAS_D,NP,NOAS,D,982126057845113,R,,0.0
7,Gr7_5141_2,A1,I2,29,49,99,I2,NP-A_D,NP,A,D,982126057845141,R,,0.0
8,Gr8_6186_2,A1,J2,30,66,100,J2,NP-NOAS_D,NP,NOAS,D,982126057846186,R,100.0,16.0
8,Gr8_8475_2,A1,I1,31,67,101,I1,P-A_D,P,A,D,982126051278475,R,,0.0
6,Gr6_6231_2,A1,L1,32,43,102,L1,P-NOAS_I,P,NOAS,I,982126057846231,R,,0.0
1,Gr1_4421_2,A1,J1,26,55,103,J1,P-NOAS_D,P,NOAS,D,982091068554421,R,,0.0
1,Gr1_4331_2,A1,L2,33,45,104,L2,NP-NOAS_I,NP,NOAS,I,982126058484331,R,,0.0
10,Gr10_5921_2,A1,I2,18,56,99,I2,NP-A_D,NP,A,D,982126052945921,R,,0.0
10,Gr10_6430_2,A1,I2,28,52,105,I2,NP-A_D,NP,A,D,900200000206430,R,,0.0
10,Gr10_5106_2,A1,L2,10,52,81,L2,NP-NOAS_I,NP,NOAS,I,982126057845106,R,81.0,11.0
14,Gr14_5099_2,A1,I2,15,68,106,I2,NP-A_D,NP,A,D,982126057845099,R,,0.0
14,Gr14_3556_2,A1,L2,34,69,80,L2,NP-NOAS_I,NP,NOAS,I,982091068543556,R,,0.0
14,Gr14_6154_2,A1,J2,35,70,100,J2,NP-NOAS_D,NP,NOAS,D,982126057846154,R,,0.0
3,Gr3_9490_2,A1,K1,36,58,107,K1,P-A_I,P,A,I,900200000279490,R,,0.0
3,Gr3_4334_2,A1,K1,37,71,92,K1,P-A_I,P,A,I,982126058484334,R,,0.0
3,Gr3_4346_2,A1,I1,1,71,77,I1,P-A_D,P,A,D,982126058484346,R,,0.0
11,Gr11_5125_2,A1,K1,38,48,92,K1,P-A_I,P,A,I,982126057845125,R,,0.0
4,Gr4_3072_2,A1,L2,39,60,97,L2,NP-NOAS_I,NP,NOAS,I,982091068563072,R,97.0,1.0
4,Gr4_6209_2,A1,I2,34,72,105,I2,NP-A_D,NP,A,D,982126057846209,R,105.0,8.0
2,Gr2_4287_2,A1,L1,24,44,79,L1,P-NOAS_I,P,NOAS,I,982126058484287,R,,0.0
2,Gr2_5093_2,A1,K1,25,61,91,K1,P-A_I,P,A,I,982126057845093,R,,0.0
9,Gr9_4277_3,A1,L1,40,47,96,L1,P-NOAS_I,P,NOAS,I,982126058484277,R,,0.0
9,Gr9_4300_3,A1,I1,40,73,108,I1,P-A_D,P,A,D,982126058484300,R,,0.0
9,Gr9_5103_3,A1,L1,40,74,102,L1,P-NOAS_I,P,NOAS,I,982126057845103,R,,0.0
9,Gr9_7919_3,A1,J1,40,47,103,J1,P-NOAS_D,P,NOAS,D,982091068557919,R,,0.0
5,Gr5_5119_3,A1,I2,40,75,106,I2,NP-A_D,NP,A,D,982126057845119,R,,0.0
5,Gr5_4301_3,A1,J2,40,45,84,J2,NP-NOAS_D,NP,NOAS,D,982126058484301,R,84.0,2.0
7,Gr7_5113_3,A1,L2,40,72,104,L2,NP-NOAS_I,NP,NOAS,I,982126057845113,R,,0.0
8,Gr8_6186_3,A1,K2,40,75,86,K2,NP-A_I,NP,A,I,982126057846186,R,86.0,11.0
6,Gr6_6231_3,A1,K2,40,64,87,K2,NP-A_I,NP,A,I,982126057846231,R,,0.0
1,Gr1_4421_3,A1,I2,40,76,106,I2,NP-A_D,NP,A,D,982091068554421,R,,0.0
1,Gr1_4331_3,A1,I2,40,66,83,I2,NP-A_D,NP,A,D,982126058484331,R,,0.0
10,Gr10_5106_3,A1,K2,40,68,86,K2,NP-A_I,NP,A,I,982126057845106,R,,0.0
14,Gr14_5099_3,A1,L2,40,51,81,L2,NP-NOAS_I,NP,NOAS,I,982126057845099,R,81.0,3.0
14,Gr14_3556_3,A1,J2,40,75,100,J2,NP-NOAS_D,NP,NOAS,D,982091068543556,R,,0.0
14,Gr14_6154_3,A1,L2,40,57,80,L2,NP-NOAS_I,NP,NOAS,I,982126057846154,R,80.0,4.0
3,Gr3_9490_3,A1,L1,40,62,109,L1,P-NOAS_I,P,NOAS,I,900200000279490,R,,0.0
3,Gr3_4334_3,A1,I1,40,43,108,I1,P-A_D,P,A,D,982126058484334,R,,0.0
3,Gr3_4346_3,A1,L1,40,73,79,L1,P-NOAS_I,P,NOAS,I,982126058484346,R,,0.0
11,Gr11_5125_3,A1,I1,40,54,108,I1,P-A_D,P,A,D,982126057845125,R,,0.0
4,Gr4_3072_3,A1,I2,40,53,83,I2,NP-A_D,NP,A,D,982091068563072,R,,0.0
4,Gr4_6209_3,A1,J2,40,68,82,J2,NP-NOAS_D,NP,NOAS,D,982126057846209,R,82.0,4.0
9,Gr9_4277_1,A2,J1,1,42,77,J1,P-NOAS_D,P,NOAS,D,982126058484277,R,77.0,12.0
9,Gr9_4300_1,A2,L1,2,42,78,L1,P-NOAS_I,P,NOAS,I,982126058484300,R,,0.0
9,Gr9_5103_1,A2,J1,3,43,77,J1,P-NOAS_D,P,NOAS,D,982126057845103,R,77.0,13.0
9,Gr9_7919_1,A2,I1,4,44,79,I1,P-A_D,P,A,D,982091068557919,R,79.0,30.0
5,Gr5_5119_1,A2,I2,5,45,80,I2,NP-A_D,NP,A,D,982126057845119,R,,0.0
5,Gr5_4301_1,A2,K2,6,46,81,K2,NP-A_I,NP,A,I,982126058484301,R,81.0,5.0
13,Gr13_8540_1,A2,I2,7,47,80,I2,NP-A_D,NP,A,D,982126051278540,R,,0.0
13,Gr13_8521_1,A2,K2,8,48,81,K2,NP-A_I,NP,A,I,982126051278521,R,,0.0
7,Gr7_5113_1,A2,I2,9,49,82,I2,NP-A_D,NP,A,D,982126057845113,R,82.0,11.0
7,Gr7_5141_1,A2,J2,10,45,83,J2,NP-NOAS_D,NP,NOAS,D,982126057845141,R,,0.0
8,Gr8_6186_1,A2,J2,11,50,83,J2,NP-NOAS_D,NP,NOAS,D,982126057846186,R,83.0,24.0
8,Gr8_8475_1,A2,I2,12,51,84,I2,NP-A_D,NP,A,D,982126051278475,R,,0.0
6,Gr6_6231_1,A2,L2,13,42,85,L2,NP-NOAS_I,NP,NOAS,I,982126057846231,R,,0.0
1,Gr1_4421_1,A2,I2,14,52,82,I2,NP-A_D,NP,A,D,982091068554421,R,82.0,6.0
1,Gr1_4331_1,A2,L2,15,53,86,L2,NP-NOAS_I,NP,NOAS,I,982126058484331,R,,0.0
10,Gr10_5921_1,A2,J2,16,54,87,J2,NP-NOAS_D,NP,NOAS,D,982126052945921,R,,0.0
10,Gr10_6430_1,A2,J2,17,55,88,J2,NP-NOAS_D,NP,NOAS,D,900200000206430,R,,0.0
10,Gr10_5106_1,A2,J2,10,55,88,J2,NP-NOAS_D,NP,NOAS,D,982126057845106,R,88.0,19.0
14,Gr14_5099_1,A2,J2,14,55,88,J2,NP-NOAS_D,NP,NOAS,D,982126057845099,R,,0.0
14,Gr14_3556_1,A2,L2,15,53,86,L2,NP-NOAS_I,NP,NOAS,I,982091068543556,R,,0.0
14,Gr14_6154_1,A2,I2,18,56,89,I2,NP-A_D,NP,A,D,982126057846154,R,89.0,8.0
3,Gr3_9490_1,A2,I1,19,57,90,I1,P-A_D,P,A,D,900200000279490,R,,0.0
3,Gr3_4334_1,A2,I1,20,58,91,I1,P-A_D,P,A,D,982126058484334,R,,0.0
3,Gr3_4346_1,A2,J1,21,56,92,J1,P-NOAS_D,P,NOAS,D,982126058484346,R,,0.0
11,Gr11_5125_1,A2,I1,22,58,91,I1,P-A_D,P,A,D,982126057845125,R,91.0,3.0
4,Gr4_3072_1,A2,J2,23,59,93,J2,NP-NOAS_D,NP,NOAS,D,982091068563072,R,93.0,16.0
4,Gr4_6209_1,A2,K2,14,60,94,K2,NP-A_I,NP,A,I,982126057846209,R,94.0,8.0
2,Gr2_4287_1,A2,J1,1,42,77,J1,P-NOAS_D,P,NOAS,D,982126058484287,R,,0.0
2,Gr2_6277_1,A2,L1,2,42,78,L1,P-NOAS_I,P,NOAS,I,982126057846227,R,,0.0
2,Gr2_5093_1,A2,J1,3,43,77,J1,P-NOAS_D,P,NOAS,D,982126057845093,R,77.0,7.0
9,Gr9_4277_2,A2,I1,2,61,91,I1,P-A_D,P,A,D,982126058484277,R,,0.0
9,Gr9_4300_2,A2,L1,24,62,95,L1,P-NOAS_I,P,NOAS,I,982126058484300,R,,0.0
9,Gr9_5103_2,A2,J1,24,58,77,J1,P-NOAS_D,P,NOAS,D,982126057845103,R,,0.0
9,Gr9_7919_2,A2,K1,25,63,96,K1,P-A_I,P,A,I,982091068557919,R,96.0,12.0
5,Gr5_5119_2,A2,I2,15,50,97,I2,NP-A_D,NP,A,D,982126057845119,R,97.0,3.0
5,Gr5_4301_2,A2,I2,26,55,98,I2,NP-A_D,NP,A,D,982126058484301,R,98.0,13.0
13,Gr13_8540_2,A2,K2,27,64,94,K2,NP-A_I,NP,A,I,982126051278540,R,,0.0
13,Gr13_8521_2,A2,I2,7,56,97,I2,NP-A_D,NP,A,D,982126051278521,R,,0.0
7,Gr7_5113_2,A2,I2,28,65,82,I2,NP-A_D,NP,A,D,982126057845113,R,,0.0
7,Gr7_5141_2,A2,L2,29,49,99,L2,NP-NOAS_I,NP,NOAS,I,982126057845141,R,,0.0
8,Gr8_6186_2,A2,K2,30,66,100,K2,NP-A_I,NP,A,I,982126057846186,R,100.0,29.0
8,Gr8_8475_2,A2,L1,31,67,101,L1,P-NOAS_I,P,NOAS,I,982126051278475,R,,0.0
6,Gr6_6231_2,A2,J1,32,43,102,J1,P-NOAS_D,P,NOAS,D,982126057846231,R,,0.0
1,Gr1_4421_2,A2,L1,26,55,103,L1,P-NOAS_I,P,NOAS,I,982091068554421,R,,0.0
1,Gr1_4331_2,A2,K2,33,45,104,K2,NP-A_I,NP,A,I,982126058484331,R,,0.0
10,Gr10_5921_2,A2,L2,18,56,99,L2,NP-NOAS_I,NP,NOAS,I,982126052945921,R,,0.0
10,Gr10_6430_2,A2,L2,28,52,105,L2,NP-NOAS_I,NP,NOAS,I,900200000206430,R,,0.0
10,Gr10_5106_2,A2,K2,10,52,81,K2,NP-A_I,NP,A,I,982126057845106,R,81.0,15.0
14,Gr14_5099_2,A2,J2,15,68,106,J2,NP-NOAS_D,NP,NOAS,D,982126057845099,R,106.0,2.0
14,Gr14_3556_2,A2,I2,34,69,80,I2,NP-A_D,NP,A,D,982091068543556,R,,0.0
14,Gr14_6154_2,A2,K2,35,70,100,K2,NP-A_I,NP,A,I,982126057846154,R,,0.0
3,Gr3_9490_2,A2,L1,36,58,107,L1,P-NOAS_I,P,NOAS,I,900200000279490,R,,0.0
3,Gr3_4334_2,A2,J1,37,71,92,J1,P-NOAS_D,P,NOAS,D,982126058484334,R,,0.0
3,Gr3_4346_2,A2,J1,1,71,77,J1,P-NOAS_D,P,NOAS,D,982126058484346,R,,0.0
11,Gr11_5125_2,A2,J1,38,48,92,J1,P-NOAS_D,P,NOAS,D,982126057845125,R,,0.0
4,Gr4_3072_2,A2,I2,39,60,97,I2,NP-A_D,NP,A,D,982091068563072,R,97.0,2.0
4,Gr4_6209_2,A2,L2,34,72,105,L2,NP-NOAS_I,NP,NOAS,I,982126057846209,R,105.0,14.0
2,Gr2_4287_2,A2,I1,24,44,79,I1,P-A_D,P,A,D,982126058484287,R,,0.0
2,Gr2_5093_2,A2,I1,25,61,91,I1,P-A_D,P,A,D,982126057845093,R,,0.0
9,Gr9_4277_3,A2,K1,40,47,96,K1,P-A_I,P,A,I,982126058484277,R,,0.0
9,Gr9_4300_3,A2,K1,40,73,108,K1,P-A_I,P,A,I,982126058484300,R,,0.0
9,Gr9_5103_3,A2,J1,40,74,102,J1,P-NOAS_D,P,NOAS,D,982126057845103,R,,0.0
9,Gr9_7919_3,A2,L1,40,47,103,L1,P-NOAS_I,P,NOAS,I,982091068557919,R,,0.0
5,Gr5_5119_3,A2,J2,40,75,106,J2,NP-NOAS_D,NP,NOAS,D,982126057845119,R,,0.0
5,Gr5_4301_3,A2,I2,40,45,84,I2,NP-A_D,NP,A,D,982126058484301,R,,0.0
7,Gr7_5113_3,A2,K2,40,72,104,K2,NP-A_I,NP,A,I,982126057845113,R,,0.0
8,Gr8_6186_3,A2,L2,40,75,86,L2,NP-NOAS_I,NP,NOAS,I,982126057846186,R,86.0,8.0
6,Gr6_6231_3,A2,J2,40,64,87,J2,NP-NOAS_D,NP,NOAS,D,982126057846231,R,,0.0
1,Gr1_4421_3,A2,J2,40,76,106,J2,NP-NOAS_D,NP,NOAS,D,982091068554421,R,,0.0
1,Gr1_4331_3,A2,J2,40,66,83,J2,NP-NOAS_D,NP,NOAS,D,982126058484331,R,,0.0
10,Gr10_5106_3,A2,L2,40,68,86,L2,NP-NOAS_I,NP,NOAS,I,982126057845106,R,,0.0
14,Gr14_5099_3,A2,K2,40,51,81,K2,NP-A_I,NP,A,I,982126057845099,R,81.0,2.0
14,Gr14_3556_3,A2,K2,40,75,100,K2,NP-A_I,NP,A,I,982091068543556,R,,0.0
14,Gr14_6154_3,A2,I2,40,57,80,I2,NP-A_D,NP,A,D,982126057846154,R,,0.0
3,Gr3_9490_3,A2,K1,40,62,109,K1,P-A_I,P,A,I,900200000279490,R,,0.0
3,Gr3_4334_3,A2,K1,40,43,108,K1,P-A_I,P,A,I,982126058484334,R,,0.0
3,Gr3_4346_3,A2,I1,40,73,79,I1,P-A_D,P,A,D,982126058484346,R,,0.0
11,Gr11_5125_3,A2,K1,40,54,108,K1,P-A_I,P,A,I,982126057845125,R,,0.0
4,Gr4_3072_3,A2,J2,40,53,83,J2,NP-NOAS_D,NP,NOAS,D,982091068563072,R,,0.0
4,Gr4_6209_3,A2,I2,40,68,82,I2,NP-A_D,NP,A,D,982126057846209,R,82.0,3.0
9,Gr9_4277_1,A3,L1,1,42,77,L1,P-NOAS_I,P,NOAS,I,982126058484277,R,,0.0
9,Gr9_4300_1,A3,K1,2,42,78,K1,P-A_I,P,A,I,982126058484300,R,,0.0
9,Gr9_5103_1,A3,L1,3,43,77,L1,P-NOAS_I,P,NOAS,I,982126057845103,R,77.0,22.0
9,Gr9_7919_1,A3,K1,4,44,79,K1,P-A_I,P,A,I,982091068557919,R,79.0,32.0
5,Gr5_5119_1,A3,K2,5,45,80,K2,NP-A_I,NP,A,I,982126057845119,R,80.0,11.0
5,Gr5_4301_1,A3,I2,6,46,81,I2,NP-A_D,NP,A,D,982126058484301,R,81.0,1.0
13,Gr13_8540_1,A3,K2,7,47,80,K2,NP-A_I,NP,A,I,982126051278540,R,,0.0
13,Gr13_8521_1,A3,I2,8,48,81,I2,NP-A_D,NP,A,D,982126051278521,R,,0.0
7,Gr7_5113_1,A3,L2,9,49,82,L2,NP-NOAS_I,NP,NOAS,I,982126057845113,R,82.0,14.0
7,Gr7_5141_1,A3,L2,10,45,83,L2,NP-NOAS_I,NP,NOAS,I,982126057845141,R,,0.0
8,Gr8_6186_1,A3,L2,11,50,83,L2,NP-NOAS_I,NP,NOAS,I,982126057846186,R,83.0,27.0
8,Gr8_8475_1,A3,K2,12,51,84,K2,NP-A_I,NP,A,I,982126051278475,R,,0.0
6,Gr6_6231_1,A3,K2,13,42,85,K2,NP-A_I,NP,A,I,982126057846231,R,,0.0
1,Gr1_4421_1,A3,L2,14,52,82,L2,NP-NOAS_I,NP,NOAS,I,982091068554421,R,82.0,30.0
1,Gr1_4331_1,A3,J2,15,53,86,J2,NP-NOAS_D,NP,NOAS,D,982126058484331,R,,0.0
10,Gr10_5921_1,A3,L2,16,54,87,L2,NP-NOAS_I,NP,NOAS,I,982126052945921,R,,0.0
10,Gr10_6430_1,A3,I2,17,55,88,I2,NP-A_D,NP,A,D,900200000206430,R,,0.0
10,Gr10_5106_1,A3,I2,10,55,88,I2,NP-A_D,NP,A,D,982126057845106,R,88.0,41.0
14,Gr14_5099_1,A3,I2,14,55,88,I2,NP-A_D,NP,A,D,982126057845099,R,,0.0
14,Gr14_3556_1,A3,J2,15,53,86,J2,NP-NOAS_D,NP,NOAS,D,982091068543556,R,,0.0
14,Gr14_6154_1,A3,J2,18,56,89,J2,NP-NOAS_D,NP,NOAS,D,982126057846154,R,89.0,11.0
3,Gr3_9490_1,A3,K1,19,57,90,K1,P-A_I,P,A,I,900200000279490,R,,0.0
3,Gr3_4334_1,A3,L1,20,58,91,L1,P-NOAS_I,P,NOAS,I,982126058484334,R,,0.0
3,Gr3_4346_1,A3,I1,21,56,92,I1,P-A_D,P,A,D,982126058484346,R,,0.0
11,Gr11_5125_1,A3,L1,22,58,91,L1,P-NOAS_I,P,NOAS,I,982126057845125,R,91.0,23.0
4,Gr4_3072_1,A3,I2,23,59,93,I2,NP-A_D,NP,A,D,982091068563072,R,,0.0
4,Gr4_6209_1,A3,L2,14,60,94,L2,NP-NOAS_I,NP,NOAS,I,982126057846209,R,94.0,24.0
2,Gr2_4287_1,A3,L1,1,42,77,L1,P-NOAS_I,P,NOAS,I,982126058484287,R,,0.0
2,Gr2_6277_1,A3,K1,2,42,78,K1,P-A_I,P,A,I,982126057846227,R,,0.0
2,Gr2_5093_1,A3,L1,3,43,77,L1,P-NOAS_I,P,NOAS,I,982126057845093,R,77.0,25.0
9,Gr9_4277_2,A3,L1,2,61,91,L1,P-NOAS_I,P,NOAS,I,982126058484277,R,91.0,4.0
9,Gr9_4300_2,A3,J1,24,62,95,J1,P-NOAS_D,P,NOAS,D,982126058484300,R,,0.0
9,Gr9_5103_2,A3,L1,24,58,77,L1,P-NOAS_I,P,NOAS,I,982126057845103,R,,0.0
9,Gr9_7919_2,A3,I1,25,63,96,I1,P-A_D,P,A,D,982091068557919,R,96.0,2.0
5,Gr5_5119_2,A3,J2,15,50,97,J2,NP-NOAS_D,NP,NOAS,D,982126057845119,R,,0.0
5,Gr5_4301_2,A3,L2,26,55,98,L2,NP-NOAS_I,NP,NOAS,I,982126058484301,R,98.0,16.0
13,Gr13_8540_2,A3,L2,27,64,94,L2,NP-NOAS_I,NP,NOAS,I,982126051278540,R,,0.0
13,Gr13_8521_2,A3,J2,7,56,97,J2,NP-NOAS_D,NP,NOAS,D,982126051278521,R,,0.0
7,Gr7_5113_2,A3,L2,28,65,82,L2,NP-NOAS_I,NP,NOAS,I,982126057845113,R,,0.0
7,Gr7_5141_2,A3,K2,29,49,99,K2,NP-A_I,NP,A,I,982126057845141,R,,0.0
8,Gr8_6186_2,A3,L2,30,66,100,L2,NP-NOAS_I,NP,NOAS,I,982126057846186,R,100.0,22.0
8,Gr8_8475_2,A3,K1,31,67,101,K1,P-A_I,P,A,I,982126051278475,R,,0.0
6,Gr6_6231_2,A3,K1,32,43,102,K1,P-A_I,P,A,I,982126057846231,R,,0.0
1,Gr1_4421_2,A3,I1,26,55,103,I1,P-A_D,P,A,D,982091068554421,R,,0.0
1,Gr1_4331_2,A3,J2,33,45,104,J2,NP-NOAS_D,NP,NOAS,D,982126058484331,R,,0.0
10,Gr10_5921_2,A3,K2,18,56,99,K2,NP-A_I,NP,A,I,982126052945921,R,,0.0
10,Gr10_6430_2,A3,J2,28,52,105,J2,NP-NOAS_D,NP,NOAS,D,900200000206430,R,,0.0
10,Gr10_5106_2,A3,I2,10,52,81,I2,NP-A_D,NP,A,D,982126057845106,R,,0.0
14,Gr14_5099_2,A3,K2,15,68,106,K2,NP-A_I,NP,A,I,982126057845099,R,106.0,2.0
14,Gr14_3556_2,A3,K2,34,69,80,K2,NP-A_I,NP,A,I,982091068543556,R,80.0,1.0
14,Gr14_6154_2,A3,L2,35,70,100,L2,NP-NOAS_I,NP,NOAS,I,982126057846154,R,,0.0
3,Gr3_9490_2,A3,I1,36,58,107,I1,P-A_D,P,A,D,900200000279490,R,,0.0
3,Gr3_4334_2,A3,I1,37,71,92,I1,P-A_D,P,A,D,982126058484334,R,,0.0
3,Gr3_4346_2,A3,L1,1,71,77,L1,P-NOAS_I,P,NOAS,I,982126058484346,R,,0.0
11,Gr11_5125_2,A3,I1,38,48,92,I1,P-A_D,P,A,D,982126057845125,R,,0.0
4,Gr4_3072_2,A3,J2,39,60,97,J2,NP-NOAS_D,NP,NOAS,D,982091068563072,R,,0.0
4,Gr4_6209_2,A3,J2,34,72,105,J2,NP-NOAS_D,NP,NOAS,D,982126057846209,R,105.0,5.0
2,Gr2_4287_2,A3,K1,24,44,79,K1,P-A_I,P,A,I,982126058484287,R,,0.0
2,Gr2_5093_2,A3,L1,25,61,91,L1,P-NOAS_I,P,NOAS,I,982126057845093,R,,0.0
9,Gr9_4277_3,A3,I1,40,47,96,I1,P-A_D,P,A,D,982126058484277,R,,0.0
9,Gr9_4300_3,A3,L1,40,73,108,L1,P-NOAS_I,P,NOAS,I,982126058484300,R,,0.0
9,Gr9_5103_3,A3,K1,40,74,102,K1,P-A_I,P,A,I,982126057845103,R,,0.0
9,Gr9_7919_3,A3,I1,40,47,103,I1,P-A_D,P,A,D,982091068557919,R,,0.0
5,Gr5_5119_3,A3,K2,40,75,106,K2,NP-A_I,NP,A,I,982126057845119,R,,0.0
5,Gr5_4301_3,A3,K2,40,45,84,K2,NP-A_I,NP,A,I,982126058484301,R,,0.0
7,Gr7_5113_3,A3,J2,40,72,104,J2,NP-NOAS_D,NP,NOAS,D,982126057845113,R,,0.0
8,Gr8_6186_3,A3,J2,40,75,86,J2,NP-NOAS_D,NP,NOAS,D,982126057846186,R,,0.0
6,Gr6_6231_3,A3,L2,40,64,87,L2,NP-NOAS_I,NP,NOAS,I,982126057846231,R,,0.0
1,Gr1_4421_3,A3,K2,40,76,106,K2,NP-A_I,NP,A,I,982091068554421,R,,0.0
1,Gr1_4331_3,A3,L2,40,66,83,L2,NP-NOAS_I,NP,NOAS,I,982126058484331,R,,0.0
10,Gr10_5106_3,A3,J2,40,68,86,J2,NP-NOAS_D,NP,NOAS,D,982126057845106,R,,0.0
14,Gr14_5099_3,A3,I2,40,51,81,I2,NP-A_D,NP,A,D,982126057845099,R,,0.0
14,Gr14_3556_3,A3,L2,40,75,100,L2,NP-NOAS_I,NP,NOAS,I,982091068543556,R,,0.0
14,Gr14_6154_3,A3,K2,40,57,80,K2,NP-A_I,NP,A,I,982126057846154,R,80.0,1.0
3,Gr3_9490_3,A3,J1,40,62,109,J1,P-NOAS_D,P,NOAS,D,900200000279490,R,,0.0
3,Gr3_4334_3,A3,L1,40,43,108,L1,P-NOAS_I,P,NOAS,I,982126058484334,R,,0.0
3,Gr3_4346_3,A3,K1,40,73,79,K1,P-A_I,P,A,I,982126058484346,R,,0.0
11,Gr11_5125_3,A3,L1,40,54,108,L1,P-NOAS_I,P,NOAS,I,982126057845125,R,,0.0
4,Gr4_3072_3,A3,L2,40,53,83,L2,NP-NOAS_I,NP,NOAS,I,982091068563072,R,,0.0
4,Gr4_6209_3,A3,L2,40,68,82,L2,NP-NOAS_I,NP,NOAS,I,982126057846209,R,82.0,18.0
9,Gr9_4277_1,A4,K1,1,42,77,K1,P-A_I,P,A,I,982126058484277,R,77.0,19.0
9,Gr9_4300_1,A4,I1,2,42,78,I1,P-A_D,P,A,D,982126058484300,R,,0.0
9,Gr9_5103_1,A4,K1,3,43,77,K1,P-A_I,P,A,I,982126057845103,R,77.0,46.0
9,Gr9_7919_1,A4,J1,4,44,79,J1,P-NOAS_D,P,NOAS,D,982091068557919,R,,0.0
5,Gr5_5119_1,A4,J2,5,45,80,J2,NP-NOAS_D,NP,NOAS,D,982126057845119,R,80.0,25.0
5,Gr5_4301_1,A4,J2,6,46,81,J2,NP-NOAS_D,NP,NOAS,D,982126058484301,R,81.0,9.0
13,Gr13_8540_1,A4,J2,7,47,80,J2,NP-NOAS_D,NP,NOAS,D,982126051278540,R,,0.0
13,Gr13_8521_1,A4,J2,8,48,81,J2,NP-NOAS_D,NP,NOAS,D,982126051278521,R,,0.0
7,Gr7_5113_1,A4,K2,9,49,82,K2,NP-A_I,NP,A,I,982126057845113,R,82.0,10.0
7,Gr7_5141_1,A4,K2,10,45,83,K2,NP-A_I,NP,A,I,982126057845141,R,,0.0
8,Gr8_6186_1,A4,K2,11,50,83,K2,NP-A_I,NP,A,I,982126057846186,R,83.0,34.0
8,Gr8_8475_1,A4,L2,12,51,84,L2,NP-NOAS_I,NP,NOAS,I,982126051278475,R,,0.0
6,Gr6_6231_1,A4,I2,13,42,85,I2,NP-A_D,NP,A,D,982126057846231,R,,0.0
1,Gr1_4421_1,A4,K2,14,52,82,K2,NP-A_I,NP,A,I,982091068554421,R,82.0,10.0
1,Gr1_4331_1,A4,I2,15,53,86,I2,NP-A_D,NP,A,D,982126058484331,R,,0.0
10,Gr10_5921_1,A4,I2,16,54,87,I2,NP-A_D,NP,A,D,982126052945921,R,,0.0
10,Gr10_6430_1,A4,K2,17,55,88,K2,NP-A_I,NP,A,I,900200000206430,R,,0.0
10,Gr10_5106_1,A4,K2,10,55,88,K2,NP-A_I,NP,A,I,982126057845106,R,88.0,39.0
14,Gr14_5099_1,A4,K2,14,55,88,K2,NP-A_I,NP,A,I,982126057845099,R,,0.0
14,Gr14_3556_1,A4,I2,15,53,86,I2,NP-A_D,NP,A,D,982091068543556,R,,0.0
14,Gr14_6154_1,A4,L2,18,56,89,L2,NP-NOAS_I,NP,NOAS,I,982126057846154,R,89.0,5.0
3,Gr3_9490_1,A4,L1,19,57,90,L1,P-NOAS_I,P,NOAS,I,900200000279490,R,,0.0
3,Gr3_4334_1,A4,J1,20,58,91,J1,P-NOAS_D,P,NOAS,D,982126058484334,R,,0.0
3,Gr3_4346_1,A4,L1,21,56,92,L1,P-NOAS_I,P,NOAS,I,982126058484346,R,,0.0
11,Gr11_5125_1,A4,J1,22,58,91,J1,P-NOAS_D,P,NOAS,D,982126057845125,R,91.0,3.0
4,Gr4_3072_1,A4,L2,23,59,93,L2,NP-NOAS_I,NP,NOAS,I,982091068563072,R,93.0,20.0
4,Gr4_6209_1,A4,J2,14,60,94,J2,NP-NOAS_D,NP,NOAS,D,982126057846209,R,94.0,18.0
2,Gr2_4287_1,A4,K1,1,42,77,K1,P-A_I,P,A,I,982126058484287,R,,0.0
2,Gr2_6277_1,A4,I1,2,42,78,I1,P-A_D,P,A,D,982126057846227,R,,0.0
2,Gr2_5093_1,A4,K1,3,43,77,K1,P-A_I,P,A,I,982126057845093,R,77.0,21.0
9,Gr9_4277_2,A4,J1,2,61,91,J1,P-NOAS_D,P,NOAS,D,982126058484277,R,,0.0
9,Gr9_4300_2,A4,I1,24,62,95,I1,P-A_D,P,A,D,982126058484300,R,,0.0
9,Gr9_5103_2,A4,K1,24,58,77,K1,P-A_I,P,A,I,982126057845103,R,,0.0
9,Gr9_7919_2,A4,J1,25,63,96,J1,P-NOAS_D,P,NOAS,D,982091068557919,R,96.0,3.0
5,Gr5_5119_2,A4,K2,15,50,97,K2,NP-A_I,NP,A,I,982126057845119,R,97.0,14.0
5,Gr5_4301_2,A4,J2,26,55,98,J2,NP-NOAS_D,NP,NOAS,D,982126058484301,R,98.0,1.0
13,Gr13_8540_2,A4,J2,27,64,94,J2,NP-NOAS_D,NP,NOAS,D,982126051278540,R,,0.0
13,Gr13_8521_2,A4,K2,7,56,97,K2,NP-A_I,NP,A,I,982126051278521,R,,0.0
7,Gr7_5113_2,A4,K2,28,65,82,K2,NP-A_I,NP,A,I,982126057845113,R,,0.0
7,Gr7_5141_2,A4,J2,29,49,99,J2,NP-NOAS_D,NP,NOAS,D,982126057845141,R,,0.0
8,Gr8_6186_2,A4,I2,30,66,100,I2,NP-A_D,NP,A,D,982126057846186,R,100.0,24.0
8,Gr8_8475_2,A4,J1,31,67,101,J1,P-NOAS_D,P,NOAS,D,982126051278475,R,,0.0
6,Gr6_6231_2,A4,I1,32,43,102,I1,P-A_D,P,A,D,982126057846231,R,,0.0
1,Gr1_4421_2,A4,K1,26,55,103,K1,P-A_I,P,A,I,982091068554421,R,,0.0
1,Gr1_4331_2,A4,I2,33,45,104,I2,NP-A_D,NP,A,D,982126058484331,R,,0.0
10,Gr10_5921_2,A4,J2,18,56,99,J2,NP-NOAS_D,NP,NOAS,D,982126052945921,R,,0.0
10,Gr10_6430_2,A4,K2,28,52,105,K2,NP-A_I,NP,A,I,900200000206430,R,,0.0
10,Gr10_5106_2,A4,J2,10,52,81,J2,NP-NOAS_D,NP,NOAS,D,982126057845106,R,,0.0
14,Gr14_5099_2,A4,L2,15,68,106,L2,NP-NOAS_I,NP,NOAS,I,982126057845099,R,106.0,6.0
14,Gr14_3556_2,A4,J2,34,69,80,J2,NP-NOAS_D,NP,NOAS,D,982091068543556,R,,0.0
14,Gr14_6154_2,A4,I2,35,70,100,I2,NP-A_D,NP,A,D,982126057846154,R,,0.0
3,Gr3_9490_2,A4,J1,36,58,107,J1,P-NOAS_D,P,NOAS,D,900200000279490,R,,0.0
3,Gr3_4334_2,A4,L1,37,71,92,L1,P-NOAS_I,P,NOAS,I,982126058484334,R,,0.0
3,Gr3_4346_2,A4,K1,1,71,77,K1,P-A_I,P,A,I,982126058484346,R,,0.0
11,Gr11_5125_2,A4,L1,38,48,92,L1,P-NOAS_I,P,NOAS,I,982126057845125,R,,0.0
4,Gr4_3072_2,A4,K2,39,60,97,K2,NP-A_I,NP,A,I,982091068563072,R,97.0,2.0
4,Gr4_6209_2,A4,K2,34,72,105,K2,NP-A_I,NP,A,I,982126057846209,R,105.0,17.0
2,Gr2_4287_2,A4,J1,24,44,79,J1,P-NOAS_D,P,NOAS,D,982126058484287,R,,0.0
2,Gr2_5093_2,A4,J1,25,61,91,J1,P-NOAS_D,P,NOAS,D,982126057845093,R,,0.0
9,Gr9_4277_3,A4,J1,40,47,96,J1,P-NOAS_D,P,NOAS,D,982126058484277,R,,0.0
9,Gr9_4300_3,A4,J1,40,73,108,J1,P-NOAS_D,P,NOAS,D,982126058484300,R,,0.0
9,Gr9_5103_3,A4,I1,40,74,102,I1,P-A_D,P,A,D,982126057845103,R,,0.0
9,Gr9_7919_3,A4,K1,40,47,103,K1,P-A_I,P,A,I,982091068557919,R,,0.0
5,Gr5_5119_3,A4,L2,40,75,106,L2,NP-NOAS_I,NP,NOAS,I,982126057845119,R,106.0,12.0
5,Gr5_4301_3,A4,L2,40,45,84,L2,NP-NOAS_I,NP,NOAS,I,982126058484301,R,84.0,1.0
7,Gr7_5113_3,A4,I2,40,72,104,I2,NP-A_D,NP,A,D,982126057845113,R,,0.0
8,Gr8_6186_3,A4,I2,40,75,86,I2,NP-A_D,NP,A,D,982126057846186,R,,0.0
6,Gr6_6231_3,A4,I2,40,64,87,I2,NP-A_D,NP,A,D,982126057846231,R,,0.0
1,Gr1_4421_3,A4,L2,40,76,106,L2,NP-NOAS_I,NP,NOAS,I,982091068554421,R,,0.0
1,Gr1_4331_3,A4,K2,40,66,83,K2,NP-A_I,NP,A,I,982126058484331,R,,0.0
10,Gr10_5106_3,A4,I2,40,68,86,I2,NP-A_D,NP,A,D,982126057845106,R,,0.0
14,Gr14_5099_3,A4,J2,40,51,81,J2,NP-NOAS_D,NP,NOAS,D,982126057845099,R,,0.0
14,Gr14_3556_3,A4,I2,40,75,100,I2,NP-A_D,NP,A,D,982091068543556,R,,0.0
14,Gr14_6154_3,A4,J2,40,57,80,J2,NP-NOAS_D,NP,NOAS,D,982126057846154,R,,0.0
3,Gr3_9490_3,A4,I1,40,62,109,I1,P-A_D,P,A,D,900200000279490,R,,0.0
3,Gr3_4334_3,A4,J1,40,43,108,J1,P-NOAS_D,P,NOAS,D,982126058484334,R,,0.0
3,Gr3_4346_3,A4,J1,40,73,79,J1,P-NOAS_D,P,NOAS,D,982126058484346,R,,0.0
11,Gr11_5125_3,A4,J1,40,54,108,J1,P-NOAS_D,P,NOAS,D,982126057845125,R,,0.0
4,Gr4_3072_3,A4,K2,40,53,83,K2,NP-A_I,NP,A,I,982091068563072,R,83.0,6.0
4,Gr4_6209_3,A4,K2,40,68,82,K2,NP-A_I,NP,A,I,982126057846209,R,82.0,12.0
